experiment_id,metric,observed_value,group_distribution_context,possible_infrastructure_note
SENDNOTIFICATION_V0_C0_F3_P10_C50_S7005,P95,80.726,"('group_f_generalization', 'F3', 'V0', 50);Q1=49.48800000000001;Q3=61.92699999999999;IQR=12.438999999999986",
CHARGEPAYMENT_V0_C0_F3_P10_C50_S7000,P99,147.304,"('group_f_generalization', 'F3', 'V0', 50);Q1=70.69800000000001;Q3=84.766;IQR=14.067999999999998",
CHARGEPAYMENT_V0_C0_F3_P10_C50_S7005,P99,152.84499999999997,"('group_f_generalization', 'F3', 'V0', 50);Q1=70.69800000000001;Q3=84.766;IQR=14.067999999999998",
RESERVEINVENTORY_V0_C0_F3_P10_C50_S7000,P99,158.73000000000002,"('group_f_generalization', 'F3', 'V0', 50);Q1=70.69800000000001;Q3=84.766;IQR=14.067999999999998",
RESERVEINVENTORY_V0_C0_F3_P10_C50_S7005,P99,170.572,"('group_f_generalization', 'F3', 'V0', 50);Q1=70.69800000000001;Q3=84.766;IQR=14.067999999999998",
SENDNOTIFICATION_V0_C0_F3_P10_C50_S7000,P99,175.52499999999998,"('group_f_generalization', 'F3', 'V0', 50);Q1=70.69800000000001;Q3=84.766;IQR=14.067999999999998",
SENDNOTIFICATION_V0_C0_F3_P10_C50_S7005,P99,190.57999999999998,"('group_f_generalization', 'F3', 'V0', 50);Q1=70.69800000000001;Q3=84.766;IQR=14.067999999999998",
CHARGEPAYMENT_V0_C0_F3_P10_C50_S7005,throughput,869.6476486257785,"('group_f_generalization', 'F3', 'V0', 50);Q1=976.8087158930932;Q3=1039.0748296421064;IQR=62.26611374901313",
RESERVEINVENTORY_V0_C0_F3_P10_C50_S7000,throughput,873.7871197197418,"('group_f_generalization', 'F3', 'V0', 50);Q1=976.8087158930932;Q3=1039.0748296421064;IQR=62.26611374901313",
RESERVEINVENTORY_V0_C0_F3_P10_C50_S7005,throughput,835.8033311183692,"('group_f_generalization', 'F3', 'V0', 50);Q1=976.8087158930932;Q3=1039.0748296421064;IQR=62.26611374901313",
SENDNOTIFICATION_V0_C0_F3_P10_C50_S7000,throughput,868.4300800057246,"('group_f_generalization', 'F3', 'V0', 50);Q1=976.8087158930932;Q3=1039.0748296421064;IQR=62.26611374901313",
SENDNOTIFICATION_V0_C0_F3_P10_C50_S7005,throughput,813.6673480879291,"('group_f_generalization', 'F3', 'V0', 50);Q1=976.8087158930932;Q3=1039.0748296421064;IQR=62.26611374901313",
RESERVEINVENTORY_V2_C1_F8_P10_C50_S7002,P95,52.32299999999999,"('group_f_generalization', 'F8', 'V2', 50);Q1=20.077;Q3=22.256;IQR=2.1789999999999985",
SENDNOTIFICATION_V2_C1_F8_P10_C50_S7004,P95,33.869,"('group_f_generalization', 'F8', 'V2', 50);Q1=20.077;Q3=22.256;IQR=2.1789999999999985",
SENDNOTIFICATION_V2_C1_F8_P10_C50_S7005,P95,26.950000000000003,"('group_f_generalization', 'F8', 'V2', 50);Q1=20.077;Q3=22.256;IQR=2.1789999999999985",
RESERVEINVENTORY_V2_C1_F8_P10_C50_S7002,P99,76.587,"('group_f_generalization', 'F8', 'V2', 50);Q1=25.65;Q3=29.16;IQR=3.5100000000000016",
SENDNOTIFICATION_V2_C1_F8_P10_C50_S7004,P99,48.742999999999995,"('group_f_generalization', 'F8', 'V2', 50);Q1=25.65;Q3=29.16;IQR=3.5100000000000016",
SENDNOTIFICATION_V2_C1_F8_P10_C50_S7005,P99,35.787,"('group_f_generalization', 'F8', 'V2', 50);Q1=25.65;Q3=29.16;IQR=3.5100000000000016",
RESERVEINVENTORY_V2_C1_F8_P10_C50_S7002,throughput,602.784920299688,"('group_f_generalization', 'F8', 'V2', 50);Q1=688.2047208472161;Q3=721.9329947057781;IQR=33.728273858562034",
SENDNOTIFICATION_V2_C1_F8_P10_C50_S7004,throughput,625.3897779114682,"('group_f_generalization', 'F8', 'V2', 50);Q1=688.2047208472161;Q3=721.9329947057781;IQR=33.728273858562034",
SENDNOTIFICATION_V4_C1_F8_P10_C50_S7004,P95,49.461999999999996,"('group_f_generalization', 'F8', 'V4', 50);Q1=20.020999999999997;Q3=22.808999999999997;IQR=2.7880000000000003",
SENDNOTIFICATION_V4_C1_F8_P10_C50_S7004,P99,76.377,"('group_f_generalization', 'F8', 'V4', 50);Q1=25.112000000000002;Q3=29.906;IQR=4.793999999999997",
CHARGEPAYMENT_V4_C1_F8_P10_C50_S7007,throughput,749.8816974832476,"('group_f_generalization', 'F8', 'V4', 50);Q1=685.8034136080481;Q3=705.6802503465726;IQR=19.876836738524503",
SENDNOTIFICATION_V4_C1_F8_P10_C50_S7004,throughput,589.4916409285217,"('group_f_generalization', 'F8', 'V4', 50);Q1=685.8034136080481;Q3=705.6802503465726;IQR=19.876836738524503",
SENDNOTIFICATION_V5_C2_F3_P10_C50_S7008,P95,110.429,"('group_f_generalization', 'F3', 'V5', 50);Q1=65.207;Q3=81.36;IQR=16.153000000000006",
SENDNOTIFICATION_V5_C2_F3_P10_C50_S7004,throughput,810.0356333838961,"('group_f_generalization', 'F3', 'V5', 50);Q1=1096.1168341359878;Q3=1253.331029650366;IQR=157.21419551437816",
SENDNOTIFICATION_V5_C2_F3_P10_C50_S7008,throughput,835.4874858563555,"('group_f_generalization', 'F3', 'V5', 50);Q1=1096.1168341359878;Q3=1253.331029650366;IQR=157.21419551437816",
SENDNOTIFICATION_V5_C2_F8_P10_C50_S7004,P95,166.56400000000002,"('group_f_generalization', 'F8', 'V5', 50);Q1=26.09;Q3=32.844;IQR=6.754000000000001",
SENDNOTIFICATION_V5_C2_F8_P10_C50_S7009,P95,45.093999999999994,"('group_f_generalization', 'F8', 'V5', 50);Q1=26.09;Q3=32.844;IQR=6.754000000000001",
SENDNOTIFICATION_V5_C2_F8_P10_C50_S7004,P99,225.53,"('group_f_generalization', 'F8', 'V5', 50);Q1=34.161;Q3=44.701;IQR=10.54",
SENDNOTIFICATION_V5_C2_F8_P10_C50_S7004,throughput,453.7911480787168,"('group_f_generalization', 'F8', 'V5', 50);Q1=996.6520241832893;Q3=1056.2902461108847;IQR=59.638221927595396",
CREATEORDER_V0_C0_F0_P0_C10_S7003,throughput,10.671948216596501,"('group_a_baseline', 'F0', 'V0', 10);Q1=1088.3880936585308;Q3=1489.5501813468707;IQR=401.16208768833985",
CREATEORDER_V0_C0_F0_P0_C1_S7000,P95,10.738,"('group_a_baseline', 'F0', 'V0', 1);Q1=6.807;Q3=8.022;IQR=1.2149999999999999",
CREATEORDER_V0_C0_F0_P0_C1_S7000,P99,11.663,"('group_a_baseline', 'F0', 'V0', 1);Q1=8.111;Q3=9.362;IQR=1.2509999999999994",
CREATEORDER_V0_C0_F0_P0_C1_S7002,throughput,70.55058559377592,"('group_a_baseline', 'F0', 'V0', 1);Q1=129.68291483133476;Q3=163.93695782411436;IQR=34.2540429927796",
CREATEORDER_V0_C0_F0_P0_C1_S7003,throughput,8.875954091013924,"('group_a_baseline', 'F0', 'V0', 1);Q1=129.68291483133476;Q3=163.93695782411436;IQR=34.2540429927796",
CREATEORDER_V0_C0_F0_P0_C50_S7003,P95,87.482,"('group_a_baseline', 'F0', 'V0', 50);Q1=44.287;Q3=46.466;IQR=2.179000000000002",
CREATEORDER_V0_C0_F0_P0_C50_S7004,P95,27.411,"('group_a_baseline', 'F0', 'V0', 50);Q1=44.287;Q3=46.466;IQR=2.179000000000002",
CREATEORDER_V0_C0_F0_P0_C50_S7006,P95,33.598,"('group_a_baseline', 'F0', 'V0', 50);Q1=44.287;Q3=46.466;IQR=2.179000000000002",
CREATEORDER_V0_C0_F0_P0_C50_S7003,P99,108.639,"('group_a_baseline', 'F0', 'V0', 50);Q1=56.538;Q3=60.888;IQR=4.350000000000001",
CREATEORDER_V0_C0_F0_P0_C50_S7004,P99,39.354,"('group_a_baseline', 'F0', 'V0', 50);Q1=56.538;Q3=60.888;IQR=4.350000000000001",
CREATEORDER_V0_C0_F0_P0_C50_S7006,P99,44.078,"('group_a_baseline', 'F0', 'V0', 50);Q1=56.538;Q3=60.888;IQR=4.350000000000001",
CREATEORDER_V0_C0_F0_P0_C50_S7003,throughput,1028.7711017999711,"('group_a_baseline', 'F0', 'V0', 50);Q1=1625.4847616229238;Q3=1711.7065056456918;IQR=86.22174402276801",
CREATEORDER_V0_C0_F1_P10_C50_S7000,P95,83.204,"('group_e_safe_controls', 'F1', 'V0', 50);Q1=43.498;Q3=48.655;IQR=5.157000000000004",
CREATEORDER_V0_C0_F1_P10_C50_S7005,P95,85.96,"('group_e_safe_controls', 'F1', 'V0', 50);Q1=43.498;Q3=48.655;IQR=5.157000000000004",
CREATEORDER_V0_C0_F1_P10_C50_S7008,P95,31.293,"('group_e_safe_controls', 'F1', 'V0', 50);Q1=43.498;Q3=48.655;IQR=5.157000000000004",
CREATEORDER_V0_C0_F1_P10_C50_S7000,P99,106.095,"('group_e_safe_controls', 'F1', 'V0', 50);Q1=51.727;Q3=60.078;IQR=8.351000000000006",
CREATEORDER_V0_C0_F1_P10_C50_S7005,P99,107.844,"('group_e_safe_controls', 'F1', 'V0', 50);Q1=51.727;Q3=60.078;IQR=8.351000000000006",
CREATEORDER_V0_C0_F1_P10_C50_S7000,throughput,1227.7622890785403,"('group_e_safe_controls', 'F1', 'V0', 50);Q1=1651.876863198985;Q3=1844.1157997920793;IQR=192.23893659309442",
CREATEORDER_V0_C0_F1_P10_C50_S7005,throughput,1114.0667480012796,"('group_e_safe_controls', 'F1', 'V0', 50);Q1=1651.876863198985;Q3=1844.1157997920793;IQR=192.23893659309442",
CREATEORDER_V0_C0_F2_P10_C50_S7002,P95,12.819,"('group_e_safe_controls', 'F2', 'V0', 50);Q1=41.488;Q3=50.056;IQR=8.567999999999998",
CREATEORDER_V0_C0_F2_P10_C50_S7003,P95,87.716,"('group_e_safe_controls', 'F2', 'V0', 50);Q1=41.488;Q3=50.056;IQR=8.567999999999998",
CREATEORDER_V0_C0_F2_P10_C50_S7008,P95,90.564,"('group_e_safe_controls', 'F2', 'V0', 50);Q1=41.488;Q3=50.056;IQR=8.567999999999998",
CREATEORDER_V0_C0_F2_P10_C50_S7002,P99,26.625,"('group_e_safe_controls', 'F2', 'V0', 50);Q1=51.188;Q3=60.629;IQR=9.440999999999995",
CREATEORDER_V0_C0_F2_P10_C50_S7003,P99,108.838,"('group_e_safe_controls', 'F2', 'V0', 50);Q1=51.188;Q3=60.629;IQR=9.440999999999995",
CREATEORDER_V0_C0_F2_P10_C50_S7008,P99,112.347,"('group_e_safe_controls', 'F2', 'V0', 50);Q1=51.188;Q3=60.629;IQR=9.440999999999995",
CREATEORDER_V0_C0_F2_P10_C50_S7003,throughput,1044.644298370331,"('group_e_safe_controls', 'F2', 'V0', 50);Q1=1506.8735434207338;Q3=1644.8296132577618;IQR=137.95606983702805",
CREATEORDER_V0_C0_F2_P10_C50_S7008,throughput,990.8240843041832,"('group_e_safe_controls', 'F2', 'V0', 50);Q1=1506.8735434207338;Q3=1644.8296132577618;IQR=137.95606983702805",
CREATEORDER_V0_C0_F3_P1_C10_S7008,P99,13.651,"('group_b_ambiguous', 'F3', 'V0', 10);Q1=28.227;Q3=37.199;IQR=8.971999999999998",
CREATEORDER_V0_C0_F3_P20_C10_S7000,P99,53.61300000000001,"('group_b_ambiguous', 'F3', 'V0', 10);Q1=28.227;Q3=37.199;IQR=8.971999999999998",
CREATEORDER_V0_C0_F3_P5_C50_S7002,P95,76.196,"('group_b_ambiguous', 'F3', 'V0', 50);Q1=33.444;Q3=45.715;IQR=12.271",
CREATEORDER_V0_C0_F3_P5_C50_S7002,P99,137.005,"('group_b_ambiguous', 'F3', 'V0', 50);Q1=44.748999999999995;Q3=76.425;IQR=31.676000000000002",
CREATEORDER_V0_C0_F4_P10_C10_S7003,P95,13.895,"('group_b_ambiguous', 'F4', 'V0', 10);Q1=8.978;Q3=10.933;IQR=1.955",
CREATEORDER_V0_C0_F4_P10_C10_S7008,P95,15.504,"('group_b_ambiguous', 'F4', 'V0', 10);Q1=8.978;Q3=10.933;IQR=1.955",
CREATEORDER_V0_C0_F4_P1_C10_S7001,P95,15.397,"('group_b_ambiguous', 'F4', 'V0', 10);Q1=8.978;Q3=10.933;IQR=1.955",
CREATEORDER_V0_C0_F4_P1_C10_S7006,P95,15.463,"('group_b_ambiguous', 'F4', 'V0', 10);Q1=8.978;Q3=10.933;IQR=1.955",
CREATEORDER_V0_C0_F4_P20_C10_S7004,P95,15.547,"('group_b_ambiguous', 'F4', 'V0', 10);Q1=8.978;Q3=10.933;IQR=1.955",
CREATEORDER_V0_C0_F4_P20_C10_S7009,P95,14.753,"('group_b_ambiguous', 'F4', 'V0', 10);Q1=8.978;Q3=10.933;IQR=1.955",
CREATEORDER_V0_C0_F4_P5_C10_S7002,P95,14.726,"('group_b_ambiguous', 'F4', 'V0', 10);Q1=8.978;Q3=10.933;IQR=1.955",
CREATEORDER_V0_C0_F4_P5_C10_S7007,P95,14.195,"('group_b_ambiguous', 'F4', 'V0', 10);Q1=8.978;Q3=10.933;IQR=1.955",
CREATEORDER_V0_C0_F4_P10_C10_S7003,P99,17.473,"('group_b_ambiguous', 'F4', 'V0', 10);Q1=10.095;Q3=12.271;IQR=2.176",
CREATEORDER_V0_C0_F4_P10_C10_S7008,P99,19.994,"('group_b_ambiguous', 'F4', 'V0', 10);Q1=10.095;Q3=12.271;IQR=2.176",
CREATEORDER_V0_C0_F4_P1_C10_S7001,P99,20.088,"('group_b_ambiguous', 'F4', 'V0', 10);Q1=10.095;Q3=12.271;IQR=2.176",
CREATEORDER_V0_C0_F4_P1_C10_S7006,P99,18.635,"('group_b_ambiguous', 'F4', 'V0', 10);Q1=10.095;Q3=12.271;IQR=2.176",
CREATEORDER_V0_C0_F4_P20_C10_S7004,P99,19.633,"('group_b_ambiguous', 'F4', 'V0', 10);Q1=10.095;Q3=12.271;IQR=2.176",
CREATEORDER_V0_C0_F4_P20_C10_S7009,P99,18.455,"('group_b_ambiguous', 'F4', 'V0', 10);Q1=10.095;Q3=12.271;IQR=2.176",
CREATEORDER_V0_C0_F4_P5_C10_S7002,P99,18.039,"('group_b_ambiguous', 'F4', 'V0', 10);Q1=10.095;Q3=12.271;IQR=2.176",
CREATEORDER_V0_C0_F4_P5_C10_S7007,P99,18.583,"('group_b_ambiguous', 'F4', 'V0', 10);Q1=10.095;Q3=12.271;IQR=2.176",
CREATEORDER_V0_C0_F4_P1_C50_S7008,P95,30.863,"('group_b_ambiguous', 'F4', 'V0', 50);Q1=40.947;Q3=46.737;IQR=5.789999999999999",
CREATEORDER_V0_C0_F4_P5_C50_S7002,P95,13.375,"('group_b_ambiguous', 'F4', 'V0', 50);Q1=40.947;Q3=46.737;IQR=5.789999999999999",
CREATEORDER_V0_C0_F4_P5_C50_S7003,P95,12.269,"('group_b_ambiguous', 'F4', 'V0', 50);Q1=40.947;Q3=46.737;IQR=5.789999999999999",
CREATEORDER_V0_C0_F4_P5_C50_S7002,P99,15.859,"('group_b_ambiguous', 'F4', 'V0', 50);Q1=50.962;Q3=56.947;IQR=5.984999999999999",
CREATEORDER_V0_C0_F4_P5_C50_S7003,P99,27.357,"('group_b_ambiguous', 'F4', 'V0', 50);Q1=50.962;Q3=56.947;IQR=5.984999999999999",
CREATEORDER_V0_C0_F4_P20_C50_S7000,throughput,1916.2157253988685,"('group_b_ambiguous', 'F4', 'V0', 50);Q1=1631.0741197903276;Q3=1742.338813562406;IQR=111.26469377207832",
CREATEORDER_V0_C0_F5_P0_C50_FAN10_S7001,P95,135.797,"('group_c_duplicates', 'F5', 'V0', 50);Q1=84.965;Q3=93.97;IQR=9.004999999999995",
CREATEORDER_V0_C0_F5_P0_C50_FAN10_S7006,P95,149.489,"('group_c_duplicates', 'F5', 'V0', 50);Q1=84.965;Q3=93.97;IQR=9.004999999999995",
CREATEORDER_V0_C0_F5_P0_C50_FAN10_S7007,P95,57.052,"('group_c_duplicates', 'F5', 'V0', 50);Q1=84.965;Q3=93.97;IQR=9.004999999999995",
CREATEORDER_V0_C0_F5_P0_C50_FAN2_S7000,P95,129.276,"('group_c_duplicates', 'F5', 'V0', 50);Q1=84.965;Q3=93.97;IQR=9.004999999999995",
CREATEORDER_V0_C0_F5_P0_C50_FAN2_S7005,P95,144.744,"('group_c_duplicates', 'F5', 'V0', 50);Q1=84.965;Q3=93.97;IQR=9.004999999999995",
CREATEORDER_V0_C0_F5_P0_C50_FAN2_S7006,P95,57.634,"('group_c_duplicates', 'F5', 'V0', 50);Q1=84.965;Q3=93.97;IQR=9.004999999999995",
CREATEORDER_V0_C0_F5_P0_C50_FAN5_S7000,P95,71.432,"('group_c_duplicates', 'F5', 'V0', 50);Q1=84.965;Q3=93.97;IQR=9.004999999999995",
CREATEORDER_V0_C0_F5_P0_C50_FAN5_S7004,P95,38.056,"('group_c_duplicates', 'F5', 'V0', 50);Q1=84.965;Q3=93.97;IQR=9.004999999999995",
CREATEORDER_V0_C0_F5_P0_C50_FAN10_S7001,P99,174.322,"('group_c_duplicates', 'F5', 'V0', 50);Q1=97.971;Q3=109.557;IQR=11.585999999999999",
CREATEORDER_V0_C0_F5_P0_C50_FAN10_S7006,P99,186.332,"('group_c_duplicates', 'F5', 'V0', 50);Q1=97.971;Q3=109.557;IQR=11.585999999999999",
CREATEORDER_V0_C0_F5_P0_C50_FAN2_S7000,P99,163.832,"('group_c_duplicates', 'F5', 'V0', 50);Q1=97.971;Q3=109.557;IQR=11.585999999999999",
CREATEORDER_V0_C0_F5_P0_C50_FAN2_S7005,P99,177.003,"('group_c_duplicates', 'F5', 'V0', 50);Q1=97.971;Q3=109.557;IQR=11.585999999999999",
CREATEORDER_V0_C0_F5_P0_C50_FAN5_S7004,P99,57.556,"('group_c_duplicates', 'F5', 'V0', 50);Q1=97.971;Q3=109.557;IQR=11.585999999999999",
CREATEORDER_V0_C0_F5_P0_C50_FAN10_S7000,throughput,877.8997555098712,"('group_c_duplicates', 'F5', 'V0', 50);Q1=722.7059028817421;Q3=781.3731315167109;IQR=58.667228634968865",
CREATEORDER_V0_C0_F5_P0_C50_FAN10_S7006,throughput,619.9256137269547,"('group_c_duplicates', 'F5', 'V0', 50);Q1=722.7059028817421;Q3=781.3731315167109;IQR=58.667228634968865",
CREATEORDER_V0_C0_F5_P0_C50_FAN2_S7005,throughput,628.9611634284363,"('group_c_duplicates', 'F5', 'V0', 50);Q1=722.7059028817421;Q3=781.3731315167109;IQR=58.667228634968865",
CREATEORDER_V0_C0_F5_P0_C50_FAN5_S7000,throughput,869.9400340741225,"('group_c_duplicates', 'F5', 'V0', 50);Q1=722.7059028817421;Q3=781.3731315167109;IQR=58.667228634968865",
CREATEORDER_V0_C0_F6_P0_C50_FAN2_S7001,P99,1487.7440000000001,"('group_c_duplicates', 'F6', 'V0', 50);Q1=50.397999999999996;Q3=250.869;IQR=200.471",
CREATEORDER_V0_C0_F6_P0_C50_FAN5_S7000,P99,1941.7050000000004,"('group_c_duplicates', 'F6', 'V0', 50);Q1=50.397999999999996;Q3=250.869;IQR=200.471",
CREATEORDER_V0_C0_F6_P0_C50_FAN5_S7001,P99,10026.059,"('group_c_duplicates', 'F6', 'V0', 50);Q1=50.397999999999996;Q3=250.869;IQR=200.471",
CREATEORDER_V0_C0_F7_P10_C50_S7001,P95,83.637,"('group_e_safe_controls', 'F7', 'V0', 50);Q1=46.385;Q3=50.496;IQR=4.111000000000004",
CREATEORDER_V0_C0_F7_P10_C50_S7003,P95,27.207,"('group_e_safe_controls', 'F7', 'V0', 50);Q1=46.385;Q3=50.496;IQR=4.111000000000004",
CREATEORDER_V0_C0_F7_P10_C50_S7006,P95,90.909,"('group_e_safe_controls', 'F7', 'V0', 50);Q1=46.385;Q3=50.496;IQR=4.111000000000004",
CREATEORDER_V0_C0_F7_P10_C50_S7001,P99,107.739,"('group_e_safe_controls', 'F7', 'V0', 50);Q1=56.511;Q3=60.652;IQR=4.140999999999998",
CREATEORDER_V0_C0_F7_P10_C50_S7003,P99,42.933,"('group_e_safe_controls', 'F7', 'V0', 50);Q1=56.511;Q3=60.652;IQR=4.140999999999998",
CREATEORDER_V0_C0_F7_P10_C50_S7006,P99,113.189,"('group_e_safe_controls', 'F7', 'V0', 50);Q1=56.511;Q3=60.652;IQR=4.140999999999998",
CREATEORDER_V0_C0_F7_P10_C50_S7001,throughput,1120.721194075283,"('group_e_safe_controls', 'F7', 'V0', 50);Q1=1484.6191997682547;Q3=1663.4072487255273;IQR=178.78804895727262",
CREATEORDER_V0_C0_F7_P10_C50_S7006,throughput,988.7742417188733,"('group_e_safe_controls', 'F7', 'V0', 50);Q1=1484.6191997682547;Q3=1663.4072487255273;IQR=178.78804895727262",
CREATEORDER_V0_C0_F8_P1_C50_S7001,P95,13.489,"('group_b_ambiguous', 'F8', 'V0', 50);Q1=31.889999999999997;Q3=41.864;IQR=9.974",
CREATEORDER_V0_C0_F8_P1_C50_S7009,P95,12.438,"('group_b_ambiguous', 'F8', 'V0', 50);Q1=31.889999999999997;Q3=41.864;IQR=9.974",
CREATEORDER_V0_C0_F9_P1_C10_S7005,P95,18.029,"('group_b_ambiguous', 'F9', 'V0', 10);Q1=10.047;Q3=13.066;IQR=3.019",
CREATEORDER_V0_C0_F9_P10_C10_S7007,P99,20.205,"('group_b_ambiguous', 'F9', 'V0', 10);Q1=11.336;Q3=14.613;IQR=3.2769999999999992",
CREATEORDER_V0_C0_F9_P1_C10_S7005,P99,22.601,"('group_b_ambiguous', 'F9', 'V0', 10);Q1=11.336;Q3=14.613;IQR=3.2769999999999992",
CREATEORDER_V0_C0_F9_P20_C10_S7008,P99,21.061,"('group_b_ambiguous', 'F9', 'V0', 10);Q1=11.336;Q3=14.613;IQR=3.2769999999999992",
CREATEORDER_V0_C0_F9_P5_C10_S7001,P99,21.482,"('group_b_ambiguous', 'F9', 'V0', 10);Q1=11.336;Q3=14.613;IQR=3.2769999999999992",
CREATEORDER_V0_C0_F9_P5_C10_S7006,P99,20.7,"('group_b_ambiguous', 'F9', 'V0', 10);Q1=11.336;Q3=14.613;IQR=3.2769999999999992",
CREATEORDER_V0_C0_F9_P1_C50_S7001,P95,12.987,"('group_b_ambiguous', 'F9', 'V0', 50);Q1=43.194;Q3=51.541;IQR=8.346999999999994",
CREATEORDER_V0_C0_F9_P1_C50_S7007,P95,19.111,"('group_b_ambiguous', 'F9', 'V0', 50);Q1=43.194;Q3=51.541;IQR=8.346999999999994",
CREATEORDER_V0_C0_F9_P1_C50_S7001,P99,15.688,"('group_b_ambiguous', 'F9', 'V0', 50);Q1=54.327;Q3=61.642;IQR=7.315000000000005",
CREATEORDER_V0_C0_F9_P1_C50_S7007,P99,38.329,"('group_b_ambiguous', 'F9', 'V0', 50);Q1=54.327;Q3=61.642;IQR=7.315000000000005",
CREATEORDER_V0_C0_F9_P20_C50_S7004,P99,75.084,"('group_b_ambiguous', 'F9', 'V0', 50);Q1=54.327;Q3=61.642;IQR=7.315000000000005",
CREATEORDER_V1_C1_F0_P0_C100_S7003,P95,211.023,"('group_a_baseline', 'F0', 'V1', 100);Q1=75.175;Q3=104.035;IQR=28.86",
CREATEORDER_V1_C1_F0_P0_C100_S7008,P95,170.393,"('group_a_baseline', 'F0', 'V1', 100);Q1=75.175;Q3=104.035;IQR=28.86",
CREATEORDER_V1_C1_F0_P0_C100_S7003,P99,276.925,"('group_a_baseline', 'F0', 'V1', 100);Q1=98.22;Q3=134.471;IQR=36.251000000000005",
CREATEORDER_V1_C1_F0_P0_C100_S7008,P99,215.011,"('group_a_baseline', 'F0', 'V1', 100);Q1=98.22;Q3=134.471;IQR=36.251000000000005",
CREATEORDER_V1_C1_F0_P0_C100_S7003,throughput,980.3900440075337,"('group_a_baseline', 'F0', 'V1', 100);Q1=1611.9924777599401;Q3=1702.7977488810316;IQR=90.80527112109144",
CREATEORDER_V1_C1_F0_P0_C100_S7008,throughput,1103.1275317624575,"('group_a_baseline', 'F0', 'V1', 100);Q1=1611.9924777599401;Q3=1702.7977488810316;IQR=90.80527112109144",
CREATEORDER_V1_C1_F0_P0_C10_S7000,P95,8.49,"('group_a_baseline', 'F0', 'V1', 10);Q1=9.209;Q3=9.661;IQR=0.45199999999999996",
CREATEORDER_V1_C1_F0_P0_C10_S7006,P95,16.594,"('group_a_baseline', 'F0', 'V1', 10);Q1=9.209;Q3=9.661;IQR=0.45199999999999996",
CREATEORDER_V1_C1_F0_P0_C10_S7003,P99,12.913,"('group_a_baseline', 'F0', 'V1', 10);Q1=10.32;Q3=11.282;IQR=0.9619999999999997",
CREATEORDER_V1_C1_F0_P0_C10_S7006,P99,23.433,"('group_a_baseline', 'F0', 'V1', 10);Q1=10.32;Q3=11.282;IQR=0.9619999999999997",
CREATEORDER_V1_C1_F0_P0_C10_S7000,throughput,1594.177273347151,"('group_a_baseline', 'F0', 'V1', 10);Q1=1395.4835457498612;Q3=1445.1921985262106;IQR=49.70865277634948",
CREATEORDER_V1_C1_F0_P0_C10_S7006,throughput,986.9881376107187,"('group_a_baseline', 'F0', 'V1', 10);Q1=1395.4835457498612;Q3=1445.1921985262106;IQR=49.70865277634948",
CREATEORDER_V1_C1_F0_P0_C1_S7000,P95,11.937,"('group_a_baseline', 'F0', 'V1', 1);Q1=6.941;Q3=7.84;IQR=0.899",
CREATEORDER_V1_C1_F0_P0_C1_S7000,P99,13.978,"('group_a_baseline', 'F0', 'V1', 1);Q1=7.734;Q3=8.856;IQR=1.1219999999999999",
CREATEORDER_V1_C1_F0_P0_C1_S7003,throughput,13.727644248851279,"('group_a_baseline', 'F0', 'V1', 1);Q1=144.6958764181169;Q3=170.81616069454208;IQR=26.120284276425167",
CREATEORDER_V1_C1_F0_P0_C50_S7003,P95,71.147,"('group_a_baseline', 'F0', 'V1', 50);Q1=43.114;Q3=45.445;IQR=2.331000000000003",
CREATEORDER_V1_C1_F0_P0_C50_S7006,P95,54.542,"('group_a_baseline', 'F0', 'V1', 50);Q1=43.114;Q3=45.445;IQR=2.331000000000003",
CREATEORDER_V1_C1_F0_P0_C50_S7000,P99,48.896,"('group_a_baseline', 'F0', 'V1', 50);Q1=54.234;Q3=56.238;IQR=2.003999999999998",
CREATEORDER_V1_C1_F0_P0_C50_S7003,P99,107.681,"('group_a_baseline', 'F0', 'V1', 50);Q1=54.234;Q3=56.238;IQR=2.003999999999998",
CREATEORDER_V1_C1_F0_P0_C50_S7006,P99,71.583,"('group_a_baseline', 'F0', 'V1', 50);Q1=54.234;Q3=56.238;IQR=2.003999999999998",
CREATEORDER_V1_C1_F0_P0_C50_S7003,throughput,1312.261209782727,"('group_a_baseline', 'F0', 'V1', 50);Q1=1610.9389034441558;Q3=1711.1210400250914;IQR=100.18213658093555",
CREATEORDER_V1_C1_F2_P10_C50_S7004,P95,16.547,"('group_e_safe_controls', 'F2', 'V1', 50);Q1=41.722;Q3=49.046;IQR=7.323999999999998",
CREATEORDER_V1_C1_F2_P10_C50_S7009,P95,13.726,"('group_e_safe_controls', 'F2', 'V1', 50);Q1=41.722;Q3=49.046;IQR=7.323999999999998",
CREATEORDER_V1_C1_F2_P10_C50_S7004,P99,36.233,"('group_e_safe_controls', 'F2', 'V1', 50);Q1=51.948;Q3=58.84;IQR=6.892000000000003",
CREATEORDER_V1_C1_F2_P10_C50_S7009,P99,16.295,"('group_e_safe_controls', 'F2', 'V1', 50);Q1=51.948;Q3=58.84;IQR=6.892000000000003",
CREATEORDER_V1_C1_F3_P1_C10_S7004,P99,11.016,"('group_b_ambiguous', 'F3', 'V1', 10);Q1=26.720000000000002;Q3=36.164;IQR=9.443999999999999",
CREATEORDER_V1_C1_F3_P1_C10_S7008,P99,10.563,"('group_b_ambiguous', 'F3', 'V1', 10);Q1=26.720000000000002;Q3=36.164;IQR=9.443999999999999",
CREATEORDER_V1_C1_F3_P20_C10_S7000,P99,53.842,"('group_b_ambiguous', 'F3', 'V1', 10);Q1=26.720000000000002;Q3=36.164;IQR=9.443999999999999",
CREATEORDER_V1_C1_F3_P1_C50_S7004,P95,13.475,"('group_b_ambiguous', 'F3', 'V1', 50);Q1=31.592000000000006;Q3=43.295;IQR=11.702999999999996",
CREATEORDER_V1_C1_F4_P10_C10_S7002,P95,15.345,"('group_b_ambiguous', 'F4', 'V1', 10);Q1=9.575;Q3=11.154;IQR=1.5790000000000006",
CREATEORDER_V1_C1_F4_P10_C10_S7007,P95,15.364,"('group_b_ambiguous', 'F4', 'V1', 10);Q1=9.575;Q3=11.154;IQR=1.5790000000000006",
CREATEORDER_V1_C1_F4_P1_C10_S7005,P95,14.873,"('group_b_ambiguous', 'F4', 'V1', 10);Q1=9.575;Q3=11.154;IQR=1.5790000000000006",
CREATEORDER_V1_C1_F4_P20_C10_S7003,P95,14.617,"('group_b_ambiguous', 'F4', 'V1', 10);Q1=9.575;Q3=11.154;IQR=1.5790000000000006",
CREATEORDER_V1_C1_F4_P20_C10_S7008,P95,15.559,"('group_b_ambiguous', 'F4', 'V1', 10);Q1=9.575;Q3=11.154;IQR=1.5790000000000006",
CREATEORDER_V1_C1_F4_P5_C10_S7001,P95,14.961,"('group_b_ambiguous', 'F4', 'V1', 10);Q1=9.575;Q3=11.154;IQR=1.5790000000000006",
CREATEORDER_V1_C1_F4_P5_C10_S7006,P95,15.635,"('group_b_ambiguous', 'F4', 'V1', 10);Q1=9.575;Q3=11.154;IQR=1.5790000000000006",
CREATEORDER_V1_C1_F4_P10_C10_S7002,P99,19.913,"('group_b_ambiguous', 'F4', 'V1', 10);Q1=10.908;Q3=12.49;IQR=1.5820000000000007",
CREATEORDER_V1_C1_F4_P10_C10_S7007,P99,19.43,"('group_b_ambiguous', 'F4', 'V1', 10);Q1=10.908;Q3=12.49;IQR=1.5820000000000007",
CREATEORDER_V1_C1_F4_P1_C10_S7005,P99,19.014,"('group_b_ambiguous', 'F4', 'V1', 10);Q1=10.908;Q3=12.49;IQR=1.5820000000000007",
CREATEORDER_V1_C1_F4_P20_C10_S7003,P99,18.316,"('group_b_ambiguous', 'F4', 'V1', 10);Q1=10.908;Q3=12.49;IQR=1.5820000000000007",
CREATEORDER_V1_C1_F4_P20_C10_S7008,P99,19.233,"('group_b_ambiguous', 'F4', 'V1', 10);Q1=10.908;Q3=12.49;IQR=1.5820000000000007",
CREATEORDER_V1_C1_F4_P5_C10_S7001,P99,18.84,"('group_b_ambiguous', 'F4', 'V1', 10);Q1=10.908;Q3=12.49;IQR=1.5820000000000007",
CREATEORDER_V1_C1_F4_P5_C10_S7006,P99,19.327,"('group_b_ambiguous', 'F4', 'V1', 10);Q1=10.908;Q3=12.49;IQR=1.5820000000000007",
CREATEORDER_V1_C1_F4_P1_C50_S7001,P95,13.015,"('group_b_ambiguous', 'F4', 'V1', 50);Q1=45.276;Q3=49.526;IQR=4.25",
CREATEORDER_V1_C1_F4_P1_C50_S7007,P95,33.001,"('group_b_ambiguous', 'F4', 'V1', 50);Q1=45.276;Q3=49.526;IQR=4.25",
CREATEORDER_V1_C1_F4_P20_C50_S7009,P95,26.832,"('group_b_ambiguous', 'F4', 'V1', 50);Q1=45.276;Q3=49.526;IQR=4.25",
CREATEORDER_V1_C1_F4_P1_C50_S7001,P99,15.672,"('group_b_ambiguous', 'F4', 'V1', 50);Q1=53.998;Q3=60.828;IQR=6.830000000000005",
CREATEORDER_V1_C1_F4_P1_C50_S7007,P99,42.098,"('group_b_ambiguous', 'F4', 'V1', 50);Q1=53.998;Q3=60.828;IQR=6.830000000000005",
CREATEORDER_V1_C1_F4_P20_C50_S7009,P99,41.391,"('group_b_ambiguous', 'F4', 'V1', 50);Q1=53.998;Q3=60.828;IQR=6.830000000000005",
CREATEORDER_V1_C1_F5_P0_C50_FAN10_S7002,P95,39.387,"('group_c_duplicates', 'F5', 'V1', 50);Q1=78.968;Q3=94.34299999999999;IQR=15.374999999999986",
CREATEORDER_V1_C1_F5_P0_C50_FAN10_S7009,P95,38.471,"('group_c_duplicates', 'F5', 'V1', 50);Q1=78.968;Q3=94.34299999999999;IQR=15.374999999999986",
CREATEORDER_V1_C1_F5_P0_C50_FAN5_S7002,P95,140.04,"('group_c_duplicates', 'F5', 'V1', 50);Q1=78.968;Q3=94.34299999999999;IQR=15.374999999999986",
CREATEORDER_V1_C1_F5_P0_C50_FAN5_S7007,P95,150.052,"('group_c_duplicates', 'F5', 'V1', 50);Q1=78.968;Q3=94.34299999999999;IQR=15.374999999999986",
CREATEORDER_V1_C1_F5_P0_C50_FAN10_S7009,P99,44.998000000000005,"('group_c_duplicates', 'F5', 'V1', 50);Q1=93.099;Q3=109.054;IQR=15.954999999999998",
CREATEORDER_V1_C1_F5_P0_C50_FAN5_S7002,P99,178.78199999999998,"('group_c_duplicates', 'F5', 'V1', 50);Q1=93.099;Q3=109.054;IQR=15.954999999999998",
CREATEORDER_V1_C1_F5_P0_C50_FAN5_S7007,P99,187.95,"('group_c_duplicates', 'F5', 'V1', 50);Q1=93.099;Q3=109.054;IQR=15.954999999999998",
CREATEORDER_V1_C1_F5_P0_C50_FAN10_S7000,throughput,860.304226979146,"('group_c_duplicates', 'F5', 'V1', 50);Q1=715.5245338462673;Q3=772.2098255381511;IQR=56.685291691883776",
CREATEORDER_V1_C1_F5_P0_C50_FAN5_S7007,throughput,616.8965665487475,"('group_c_duplicates', 'F5', 'V1', 50);Q1=715.5245338462673;Q3=772.2098255381511;IQR=56.685291691883776",
CREATEORDER_V1_C1_F7_P10_C50_S7001,P95,17.918,"('group_e_safe_controls', 'F7', 'V1', 50);Q1=41.467;Q3=50.225;IQR=8.758000000000003",
CREATEORDER_V1_C1_F7_P10_C50_S7001,P99,36.055,"('group_e_safe_controls', 'F7', 'V1', 50);Q1=50.985;Q3=60.441;IQR=9.456000000000003",
CREATEORDER_V1_C1_F7_P10_C50_S7007,throughput,1417.7857765357032,"('group_e_safe_controls', 'F7', 'V1', 50);Q1=1539.6350008040833;Q3=1614.8146853401277;IQR=75.1796845360443",
CREATEORDER_V1_C1_F8_P1_C50_S7000,P95,11.694,"('group_b_ambiguous', 'F8', 'V1', 50);Q1=34.051;Q3=41.282;IQR=7.2309999999999945",
CREATEORDER_V1_C1_F9_P10_C10_S7001,P95,15.745,"('group_b_ambiguous', 'F9', 'V1', 10);Q1=9.968;Q3=11.653;IQR=1.6850000000000005",
CREATEORDER_V1_C1_F9_P10_C10_S7006,P95,15.803,"('group_b_ambiguous', 'F9', 'V1', 10);Q1=9.968;Q3=11.653;IQR=1.6850000000000005",
CREATEORDER_V1_C1_F9_P1_C10_S7004,P95,14.678,"('group_b_ambiguous', 'F9', 'V1', 10);Q1=9.968;Q3=11.653;IQR=1.6850000000000005",
CREATEORDER_V1_C1_F9_P1_C10_S7009,P95,16.693,"('group_b_ambiguous', 'F9', 'V1', 10);Q1=9.968;Q3=11.653;IQR=1.6850000000000005",
CREATEORDER_V1_C1_F9_P20_C10_S7002,P95,15.307,"('group_b_ambiguous', 'F9', 'V1', 10);Q1=9.968;Q3=11.653;IQR=1.6850000000000005",
CREATEORDER_V1_C1_F9_P20_C10_S7007,P95,16.331,"('group_b_ambiguous', 'F9', 'V1', 10);Q1=9.968;Q3=11.653;IQR=1.6850000000000005",
CREATEORDER_V1_C1_F9_P5_C10_S7000,P95,14.416,"('group_b_ambiguous', 'F9', 'V1', 10);Q1=9.968;Q3=11.653;IQR=1.6850000000000005",
CREATEORDER_V1_C1_F9_P5_C10_S7005,P95,16.597,"('group_b_ambiguous', 'F9', 'V1', 10);Q1=9.968;Q3=11.653;IQR=1.6850000000000005",
CREATEORDER_V1_C1_F9_P10_C10_S7001,P99,19.327,"('group_b_ambiguous', 'F9', 'V1', 10);Q1=11.527;Q3=12.921;IQR=1.3940000000000001",
CREATEORDER_V1_C1_F9_P10_C10_S7006,P99,19.159,"('group_b_ambiguous', 'F9', 'V1', 10);Q1=11.527;Q3=12.921;IQR=1.3940000000000001",
CREATEORDER_V1_C1_F9_P1_C10_S7004,P99,19.273,"('group_b_ambiguous', 'F9', 'V1', 10);Q1=11.527;Q3=12.921;IQR=1.3940000000000001",
CREATEORDER_V1_C1_F9_P1_C10_S7009,P99,20.12,"('group_b_ambiguous', 'F9', 'V1', 10);Q1=11.527;Q3=12.921;IQR=1.3940000000000001",
CREATEORDER_V1_C1_F9_P20_C10_S7002,P99,19.768,"('group_b_ambiguous', 'F9', 'V1', 10);Q1=11.527;Q3=12.921;IQR=1.3940000000000001",
CREATEORDER_V1_C1_F9_P20_C10_S7007,P99,19.057,"('group_b_ambiguous', 'F9', 'V1', 10);Q1=11.527;Q3=12.921;IQR=1.3940000000000001",
CREATEORDER_V1_C1_F9_P5_C10_S7000,P99,18.375,"('group_b_ambiguous', 'F9', 'V1', 10);Q1=11.527;Q3=12.921;IQR=1.3940000000000001",
CREATEORDER_V1_C1_F9_P5_C10_S7005,P99,20.475,"('group_b_ambiguous', 'F9', 'V1', 10);Q1=11.527;Q3=12.921;IQR=1.3940000000000001",
CREATEORDER_V1_C1_F9_P1_C50_S7001,P95,24.587,"('group_b_ambiguous', 'F9', 'V1', 50);Q1=46.17;Q3=51.788;IQR=5.617999999999995",
CREATEORDER_V1_C1_F9_P20_C50_S7002,P95,32.714,"('group_b_ambiguous', 'F9', 'V1', 50);Q1=46.17;Q3=51.788;IQR=5.617999999999995",
CREATEORDER_V1_C1_F9_P20_C50_S7004,P95,28.003,"('group_b_ambiguous', 'F9', 'V1', 50);Q1=46.17;Q3=51.788;IQR=5.617999999999995",
CREATEORDER_V1_C1_F9_P20_C50_S7008,P95,14.82,"('group_b_ambiguous', 'F9', 'V1', 50);Q1=46.17;Q3=51.788;IQR=5.617999999999995",
CREATEORDER_V1_C1_F9_P1_C50_S7001,P99,42.922,"('group_b_ambiguous', 'F9', 'V1', 50);Q1=57.738;Q3=63.452;IQR=5.713999999999999",
CREATEORDER_V1_C1_F9_P20_C50_S7002,P99,44.366,"('group_b_ambiguous', 'F9', 'V1', 50);Q1=57.738;Q3=63.452;IQR=5.713999999999999",
CREATEORDER_V1_C1_F9_P20_C50_S7004,P99,45.321,"('group_b_ambiguous', 'F9', 'V1', 50);Q1=57.738;Q3=63.452;IQR=5.713999999999999",
CREATEORDER_V1_C1_F9_P20_C50_S7008,P99,32.038,"('group_b_ambiguous', 'F9', 'V1', 50);Q1=57.738;Q3=63.452;IQR=5.713999999999999",
CREATEORDER_V1_C1_F9_P1_C50_S7000,throughput,1750.627022554948,"('group_b_ambiguous', 'F9', 'V1', 50);Q1=1465.3683340224677;Q3=1558.5169938869242;IQR=93.14865986445648",
CREATEORDER_V1_C1_F9_P5_C50_S7002,throughput,1720.8718419223396,"('group_b_ambiguous', 'F9', 'V1', 50);Q1=1465.3683340224677;Q3=1558.5169938869242;IQR=93.14865986445648",
CREATEORDER_V2_C0_F3_P10_C50_CAP_S7005,P99,234.45800000000003,"('group_d_capability', 'F3', 'V2', 50);Q1=74.625;Q3=132.564;IQR=57.93899999999999",
CREATEORDER_V2_C0_F8_P10_C50_CAP_S7006,P95,32.402,"('group_d_capability', 'F8', 'V2', 50);Q1=19.703;Q3=23.479;IQR=3.776",
CREATEORDER_V2_C2_F8_P10_C50_CAP_S7007,P95,30.275,"('group_d_capability', 'F8', 'V2', 50);Q1=19.703;Q3=23.479;IQR=3.776",
CREATEORDER_V2_C1_F0_P0_C100_S7002,P95,196.021,"('group_a_baseline', 'F0', 'V2', 100);Q1=103.279;Q3=116.954;IQR=13.674999999999997",
CREATEORDER_V2_C1_F0_P0_C100_S7007,P95,211.481,"('group_a_baseline', 'F0', 'V2', 100);Q1=103.279;Q3=116.954;IQR=13.674999999999997",
CREATEORDER_V2_C1_F0_P0_C100_S7008,P95,73.641,"('group_a_baseline', 'F0', 'V2', 100);Q1=103.279;Q3=116.954;IQR=13.674999999999997",
CREATEORDER_V2_C1_F0_P0_C100_S7009,P95,65.373,"('group_a_baseline', 'F0', 'V2', 100);Q1=103.279;Q3=116.954;IQR=13.674999999999997",
CREATEORDER_V2_C1_F0_P0_C100_S7002,P99,243.214,"('group_a_baseline', 'F0', 'V2', 100);Q1=125.68;Q3=141.119;IQR=15.438999999999993",
CREATEORDER_V2_C1_F0_P0_C100_S7007,P99,274.375,"('group_a_baseline', 'F0', 'V2', 100);Q1=125.68;Q3=141.119;IQR=15.438999999999993",
CREATEORDER_V2_C1_F0_P0_C10_S7005,P95,18.018,"('group_a_baseline', 'F0', 'V2', 10);Q1=11.845;Q3=13.242;IQR=1.3970000000000002",
CREATEORDER_V2_C1_F0_P0_C10_S7005,throughput,853.8941009050112,"('group_a_baseline', 'F0', 'V2', 10);Q1=985.0877357386709;Q3=1052.7999914858399;IQR=67.71225574716902",
CREATEORDER_V2_C1_F0_P0_C1_S7000,P95,12.842,"('group_a_baseline', 'F0', 'V2', 1);Q1=8.262;Q3=9.045;IQR=0.7829999999999995",
CREATEORDER_V2_C1_F0_P0_C1_S7000,P99,14.263,"('group_a_baseline', 'F0', 'V2', 1);Q1=9.284;Q3=11.159;IQR=1.875",
CREATEORDER_V2_C1_F0_P0_C1_S7000,throughput,105.13297427385062,"('group_a_baseline', 'F0', 'V2', 1);Q1=131.5156004764621;Q3=143.63017066537492;IQR=12.114570188912808",
CREATEORDER_V2_C1_F0_P0_C50_S7000,P95,37.906,"('group_a_baseline', 'F0', 'V2', 50);Q1=53.394;Q3=56.435;IQR=3.041000000000004",
CREATEORDER_V2_C1_F0_P0_C50_S7003,P95,62.263,"('group_a_baseline', 'F0', 'V2', 50);Q1=53.394;Q3=56.435;IQR=3.041000000000004",
CREATEORDER_V2_C1_F0_P0_C50_S7000,P99,48.171,"('group_a_baseline', 'F0', 'V2', 50);Q1=64.572;Q3=70.004;IQR=5.432000000000002",
CREATEORDER_V2_C1_F0_P0_C50_S7001,P99,93.036,"('group_a_baseline', 'F0', 'V2', 50);Q1=64.572;Q3=70.004;IQR=5.432000000000002",
CREATEORDER_V2_C1_F0_P0_C50_S7003,P99,81.802,"('group_a_baseline', 'F0', 'V2', 50);Q1=64.572;Q3=70.004;IQR=5.432000000000002",
CREATEORDER_V2_C1_F0_P0_C50_S7001,throughput,38.164108273358146,"('group_a_baseline', 'F0', 'V2', 50);Q1=1299.3622341066043;Q3=1401.9231159396966;IQR=102.56088183309225",
CREATEORDER_V2_C1_F1_P10_C50_S7006,P95,112.376,"('group_e_safe_controls', 'F1', 'V2', 50);Q1=60.010999999999996;Q3=79.094;IQR=19.083",
CREATEORDER_V2_C1_F1_P10_C50_S7001,P99,149.29,"('group_e_safe_controls', 'F1', 'V2', 50);Q1=87.508;Q3=104.946;IQR=17.438000000000002",
CREATEORDER_V2_C1_F1_P10_C50_S7006,P99,192.722,"('group_e_safe_controls', 'F1', 'V2', 50);Q1=87.508;Q3=104.946;IQR=17.438000000000002",
CREATEORDER_V2_C1_F1_P10_C50_S7006,throughput,739.8032202566511,"('group_e_safe_controls', 'F1', 'V2', 50);Q1=909.6552472145129;Q3=1003.3493747557892;IQR=93.69412754127632",
CREATEORDER_V2_C1_F2_P10_C50_S7004,P95,111.05600000000001,"('group_e_safe_controls', 'F2', 'V2', 50);Q1=60.653000000000006;Q3=78.874;IQR=18.22099999999999",
CREATEORDER_V2_C1_F2_P10_C50_S7009,P95,119.137,"('group_e_safe_controls', 'F2', 'V2', 50);Q1=60.653000000000006;Q3=78.874;IQR=18.22099999999999",
CREATEORDER_V2_C1_F2_P10_C50_S7004,P99,201.783,"('group_e_safe_controls', 'F2', 'V2', 50);Q1=85.76899999999999;Q3=100.743;IQR=14.974000000000004",
CREATEORDER_V2_C1_F2_P10_C50_S7009,P99,199.32500000000002,"('group_e_safe_controls', 'F2', 'V2', 50);Q1=85.76899999999999;Q3=100.743;IQR=14.974000000000004",
CREATEORDER_V2_C1_F3_P20_C10_S7000,P99,38.834,"('group_b_ambiguous', 'F3', 'V2', 10);Q1=21.695;Q3=28.298000000000002;IQR=6.6030000000000015",
CREATEORDER_V2_C1_F4_P1_C10_S7000,P99,2006.308,"('group_b_ambiguous', 'F4', 'V2', 10);Q1=2014.57;Q3=2017.73;IQR=3.160000000000082",
CREATEORDER_V2_C1_F4_P1_C10_S7001,P99,2004.153,"('group_b_ambiguous', 'F4', 'V2', 10);Q1=2014.57;Q3=2017.73;IQR=3.160000000000082",
CREATEORDER_V2_C1_F4_P1_C10_S7002,P99,2005.773,"('group_b_ambiguous', 'F4', 'V2', 10);Q1=2014.57;Q3=2017.73;IQR=3.160000000000082",
CREATEORDER_V2_C1_F4_P1_C10_S7003,P99,2005.75,"('group_b_ambiguous', 'F4', 'V2', 10);Q1=2014.57;Q3=2017.73;IQR=3.160000000000082",
CREATEORDER_V2_C1_F4_P1_C10_S7004,P99,15.978,"('group_b_ambiguous', 'F4', 'V2', 10);Q1=2014.57;Q3=2017.73;IQR=3.160000000000082",
CREATEORDER_V2_C1_F4_P1_C10_S7005,P99,12.96,"('group_b_ambiguous', 'F4', 'V2', 10);Q1=2014.57;Q3=2017.73;IQR=3.160000000000082",
CREATEORDER_V2_C1_F4_P1_C10_S7006,P99,2005.0030000000002,"('group_b_ambiguous', 'F4', 'V2', 10);Q1=2014.57;Q3=2017.73;IQR=3.160000000000082",
CREATEORDER_V2_C1_F4_P1_C10_S7007,P99,13.269,"('group_b_ambiguous', 'F4', 'V2', 10);Q1=2014.57;Q3=2017.73;IQR=3.160000000000082",
CREATEORDER_V2_C1_F4_P1_C10_S7008,P99,2005.364,"('group_b_ambiguous', 'F4', 'V2', 10);Q1=2014.57;Q3=2017.73;IQR=3.160000000000082",
CREATEORDER_V2_C1_F4_P1_C10_S7009,P99,2005.611,"('group_b_ambiguous', 'F4', 'V2', 10);Q1=2014.57;Q3=2017.73;IQR=3.160000000000082",
CREATEORDER_V2_C1_F5_P0_C50_FAN10_S7002,P95,47.833,"('group_c_duplicates', 'F5', 'V2', 50);Q1=95.987;Q3=109.343;IQR=13.356000000000009",
CREATEORDER_V2_C1_F5_P0_C50_FAN10_S7004,P95,147.47500000000002,"('group_c_duplicates', 'F5', 'V2', 50);Q1=95.987;Q3=109.343;IQR=13.356000000000009",
CREATEORDER_V2_C1_F5_P0_C50_FAN10_S7009,P95,149.383,"('group_c_duplicates', 'F5', 'V2', 50);Q1=95.987;Q3=109.343;IQR=13.356000000000009",
CREATEORDER_V2_C1_F5_P0_C50_FAN2_S7003,P95,149.922,"('group_c_duplicates', 'F5', 'V2', 50);Q1=95.987;Q3=109.343;IQR=13.356000000000009",
CREATEORDER_V2_C1_F5_P0_C50_FAN2_S7008,P95,152.704,"('group_c_duplicates', 'F5', 'V2', 50);Q1=95.987;Q3=109.343;IQR=13.356000000000009",
CREATEORDER_V2_C1_F5_P0_C50_FAN10_S7002,P99,78.815,"('group_c_duplicates', 'F5', 'V2', 50);Q1=112.429;Q3=124.195;IQR=11.765999999999991",
CREATEORDER_V2_C1_F5_P0_C50_FAN10_S7004,P99,184.52800000000002,"('group_c_duplicates', 'F5', 'V2', 50);Q1=112.429;Q3=124.195;IQR=11.765999999999991",
CREATEORDER_V2_C1_F5_P0_C50_FAN10_S7009,P99,181.96699999999998,"('group_c_duplicates', 'F5', 'V2', 50);Q1=112.429;Q3=124.195;IQR=11.765999999999991",
CREATEORDER_V2_C1_F5_P0_C50_FAN2_S7003,P99,181.18200000000002,"('group_c_duplicates', 'F5', 'V2', 50);Q1=112.429;Q3=124.195;IQR=11.765999999999991",
CREATEORDER_V2_C1_F5_P0_C50_FAN2_S7008,P99,183.648,"('group_c_duplicates', 'F5', 'V2', 50);Q1=112.429;Q3=124.195;IQR=11.765999999999991",
CREATEORDER_V2_C1_F5_P0_C50_FAN10_S7004,throughput,547.9302878351101,"('group_c_duplicates', 'F5', 'V2', 50);Q1=637.8933439939273;Q3=691.6934234551907;IQR=53.80007946126341",
CREATEORDER_V2_C1_F5_P0_C50_FAN10_S7009,throughput,538.201048766694,"('group_c_duplicates', 'F5', 'V2', 50);Q1=637.8933439939273;Q3=691.6934234551907;IQR=53.80007946126341",
CREATEORDER_V2_C1_F5_P0_C50_FAN2_S7008,throughput,542.7128291947471,"('group_c_duplicates', 'F5', 'V2', 50);Q1=637.8933439939273;Q3=691.6934234551907;IQR=53.80007946126341",
CREATEORDER_V2_C1_F6_P0_C50_FAN10_S7000,P95,17113.931,"('group_c_duplicates', 'F6', 'V2', 50);Q1=41.253;Q3=175.42899999999997;IQR=134.176",
CREATEORDER_V2_C1_F6_P0_C50_FAN10_S7000,P99,20129.066999999995,"('group_c_duplicates', 'F6', 'V2', 50);Q1=57.057;Q3=246.596;IQR=189.539",
CREATEORDER_V2_C1_F6_P0_C50_FAN10_S7001,P99,15733.886,"('group_c_duplicates', 'F6', 'V2', 50);Q1=57.057;Q3=246.596;IQR=189.539",
CREATEORDER_V2_C1_F6_P0_C50_FAN2_S7006,P99,1235.347,"('group_c_duplicates', 'F6', 'V2', 50);Q1=57.057;Q3=246.596;IQR=189.539",
CREATEORDER_V2_C1_F6_P0_C50_FAN5_S7000,P99,8848.550000000001,"('group_c_duplicates', 'F6', 'V2', 50);Q1=57.057;Q3=246.596;IQR=189.539",
CREATEORDER_V2_C1_F6_P0_C50_FAN5_S7001,P99,5742.852000000001,"('group_c_duplicates', 'F6', 'V2', 50);Q1=57.057;Q3=246.596;IQR=189.539",
CREATEORDER_V2_C1_F7_P10_C50_S7002,P99,189.05700000000002,"('group_e_safe_controls', 'F7', 'V2', 50);Q1=85.858;Q3=111.874;IQR=26.01599999999999",
CREATEORDER_V2_C1_F7_P10_C50_S7007,P99,206.464,"('group_e_safe_controls', 'F7', 'V2', 50);Q1=85.858;Q3=111.874;IQR=26.01599999999999",
CREATEORDER_V2_C1_F7_P10_C50_S7007,throughput,677.4616025909655,"('group_e_safe_controls', 'F7', 'V2', 50);Q1=826.7225128429839;Q3=914.8318191390364;IQR=88.10930629605252",
CREATEORDER_V2_C1_F8_P1_C50_S7002,P95,80.117,"('group_b_ambiguous', 'F8', 'V2', 50);Q1=21.597;Q3=28.656000000000002;IQR=7.059000000000001",
CREATEORDER_V2_C1_F8_P1_C50_S7003,P95,44.695,"('group_b_ambiguous', 'F8', 'V2', 50);Q1=21.597;Q3=28.656000000000002;IQR=7.059000000000001",
CREATEORDER_V2_C1_F8_P1_C50_S7004,P95,48.216,"('group_b_ambiguous', 'F8', 'V2', 50);Q1=21.597;Q3=28.656000000000002;IQR=7.059000000000001",
CREATEORDER_V2_C1_F8_P1_C50_S7005,P95,43.676,"('group_b_ambiguous', 'F8', 'V2', 50);Q1=21.597;Q3=28.656000000000002;IQR=7.059000000000001",
CREATEORDER_V2_C1_F8_P1_C50_S7006,P95,43.994,"('group_b_ambiguous', 'F8', 'V2', 50);Q1=21.597;Q3=28.656000000000002;IQR=7.059000000000001",
CREATEORDER_V2_C1_F8_P1_C50_S7007,P95,44.702,"('group_b_ambiguous', 'F8', 'V2', 50);Q1=21.597;Q3=28.656000000000002;IQR=7.059000000000001",
CREATEORDER_V2_C1_F8_P1_C50_S7002,P99,111.796,"('group_b_ambiguous', 'F8', 'V2', 50);Q1=27.093999999999998;Q3=46.999;IQR=19.905000000000005",
CREATEORDER_V2_C1_F8_P1_C50_S7005,P99,77.47800000000001,"('group_b_ambiguous', 'F8', 'V2', 50);Q1=27.093999999999998;Q3=46.999;IQR=19.905000000000005",
CREATEORDER_V2_C1_F9_P5_C10_S7004,P95,22.81,"('group_b_ambiguous', 'F9', 'V2', 10);Q1=12.753;Q3=16.742;IQR=3.9890000000000008",
CREATEORDER_V2_C1_F9_P5_C10_S7004,P99,28.335,"('group_b_ambiguous', 'F9', 'V2', 10);Q1=14.633;Q3=19.801000000000002;IQR=5.168000000000003",
CREATEORDER_V2_C1_F9_P10_C50_S7004,P95,35.567,"('group_b_ambiguous', 'F9', 'V2', 50);Q1=57.728;Q3=72.375;IQR=14.646999999999998",
CREATEORDER_V2_C1_F9_P20_C50_S7004,P95,95.753,"('group_b_ambiguous', 'F9', 'V2', 50);Q1=57.728;Q3=72.375;IQR=14.646999999999998",
CREATEORDER_V2_C1_F9_P20_C50_S7008,P95,30.367,"('group_b_ambiguous', 'F9', 'V2', 50);Q1=57.728;Q3=72.375;IQR=14.646999999999998",
CREATEORDER_V2_C1_F9_P20_C50_S7004,P99,121.78800000000001,"('group_b_ambiguous', 'F9', 'V2', 50);Q1=75.965;Q3=93.292;IQR=17.326999999999998",
CREATEORDER_V2_C1_F9_P20_C50_S7008,P99,36.174,"('group_b_ambiguous', 'F9', 'V2', 50);Q1=75.965;Q3=93.292;IQR=17.326999999999998",
CREATEORDER_V2_C1_F9_P10_C50_S7004,throughput,868.5351367404694,"('group_b_ambiguous', 'F9', 'V2', 50);Q1=1079.214106040256;Q3=1212.063451459727;IQR=132.8493454194711",
CREATEORDER_V2_C1_F9_P5_C50_S7004,throughput,869.61876346189,"('group_b_ambiguous', 'F9', 'V2', 50);Q1=1079.214106040256;Q3=1212.063451459727;IQR=132.8493454194711",
CREATEORDER_V3_C1_F0_P0_C100_S7001,P99,219.411,"('group_a_baseline', 'F0', 'V3', 100);Q1=64.722;Q3=121.221;IQR=56.49900000000001",
CREATEORDER_V3_C1_F0_P0_C100_S7006,P99,235.005,"('group_a_baseline', 'F0', 'V3', 100);Q1=64.722;Q3=121.221;IQR=56.49900000000001",
CREATEORDER_V3_C1_F0_P0_C100_S7000,throughput,1807.718778996451,"('group_a_baseline', 'F0', 'V3', 100);Q1=1630.685773414478;Q3=1678.1606068147428;IQR=47.47483340026474",
CREATEORDER_V3_C1_F0_P0_C100_S7001,throughput,1120.4132866042128,"('group_a_baseline', 'F0', 'V3', 100);Q1=1630.685773414478;Q3=1678.1606068147428;IQR=47.47483340026474",
CREATEORDER_V3_C1_F0_P0_C100_S7006,throughput,1050.1302715616816,"('group_a_baseline', 'F0', 'V3', 100);Q1=1630.685773414478;Q3=1678.1606068147428;IQR=47.47483340026474",
CREATEORDER_V3_C1_F0_P0_C10_S7004,P95,15.179,"('group_a_baseline', 'F0', 'V3', 10);Q1=9.35;Q3=10.445;IQR=1.0950000000000006",
CREATEORDER_V3_C1_F0_P0_C10_S7009,P95,14.596,"('group_a_baseline', 'F0', 'V3', 10);Q1=9.35;Q3=10.445;IQR=1.0950000000000006",
CREATEORDER_V3_C1_F0_P0_C10_S7000,throughput,1587.6717780642664,"('group_a_baseline', 'F0', 'V3', 10);Q1=1337.986065409825;Q3=1431.1507545940995;IQR=93.1646891842745",
CREATEORDER_V3_C1_F0_P0_C10_S7004,throughput,1080.432943490343,"('group_a_baseline', 'F0', 'V3', 10);Q1=1337.986065409825;Q3=1431.1507545940995;IQR=93.1646891842745",
CREATEORDER_V3_C1_F0_P0_C10_S7009,throughput,1066.2951056025959,"('group_a_baseline', 'F0', 'V3', 10);Q1=1337.986065409825;Q3=1431.1507545940995;IQR=93.1646891842745",
CREATEORDER_V3_C1_F0_P0_C1_S7000,P95,10.961,"('group_a_baseline', 'F0', 'V3', 1);Q1=6.832;Q3=7.944;IQR=1.112",
CREATEORDER_V3_C1_F0_P0_C50_S7000,throughput,1832.7740660553989,"('group_a_baseline', 'F0', 'V3', 50);Q1=1634.0721344196127;Q3=1677.7034808024073;IQR=43.63134638279462",
CREATEORDER_V3_C1_F0_P0_C50_S7009,throughput,1568.5350002528023,"('group_a_baseline', 'F0', 'V3', 50);Q1=1634.0721344196127;Q3=1677.7034808024073;IQR=43.63134638279462",
CREATEORDER_V3_C1_F1_P10_C50_S7008,P95,12.527,"('group_e_safe_controls', 'F1', 'V3', 50);Q1=37.566;Q3=46.019;IQR=8.452999999999996",
CREATEORDER_V3_C1_F1_P10_C50_S7008,P99,14.459,"('group_e_safe_controls', 'F1', 'V3', 50);Q1=50.874;Q3=56.604;IQR=5.729999999999997",
CREATEORDER_V3_C1_F2_P10_C50_S7007,P95,22.136,"('group_e_safe_controls', 'F2', 'V3', 50);Q1=40.577;Q3=47.908;IQR=7.331000000000003",
CREATEORDER_V3_C1_F2_P10_C50_S7007,P99,39.08,"('group_e_safe_controls', 'F2', 'V3', 50);Q1=51.788;Q3=58.234;IQR=6.446000000000005",
CREATEORDER_V3_C1_F3_P1_C10_S7000,P99,13.388,"('group_b_ambiguous', 'F3', 'V3', 10);Q1=28.282999999999998;Q3=36.375;IQR=8.092000000000002",
CREATEORDER_V3_C1_F3_P1_C10_S7001,P99,11.539,"('group_b_ambiguous', 'F3', 'V3', 10);Q1=28.282999999999998;Q3=36.375;IQR=8.092000000000002",
CREATEORDER_V3_C1_F3_P1_C10_S7006,P99,12.482,"('group_b_ambiguous', 'F3', 'V3', 10);Q1=28.282999999999998;Q3=36.375;IQR=8.092000000000002",
CREATEORDER_V3_C1_F3_P1_C10_S7007,P99,12.077,"('group_b_ambiguous', 'F3', 'V3', 10);Q1=28.282999999999998;Q3=36.375;IQR=8.092000000000002",
CREATEORDER_V3_C1_F3_P20_C10_S7000,P99,52.634,"('group_b_ambiguous', 'F3', 'V3', 10);Q1=28.282999999999998;Q3=36.375;IQR=8.092000000000002",
CREATEORDER_V3_C1_F3_P10_C50_CAP_S7007,P95,118.391,"('group_d_capability', 'F3', 'V3', 50);Q1=56.991;Q3=75.456;IQR=18.465000000000003",
CREATEORDER_V3_C2_F3_P10_C50_CAP_S7006,P95,132.76600000000002,"('group_d_capability', 'F3', 'V3', 50);Q1=56.991;Q3=75.456;IQR=18.465000000000003",
CREATEORDER_V3_C1_F3_P10_C50_CAP_S7007,P99,246.083,"('group_d_capability', 'F3', 'V3', 50);Q1=77.431;Q3=127.13900000000001;IQR=49.70800000000001",
CREATEORDER_V3_C2_F3_P10_C50_CAP_S7006,P99,288.338,"('group_d_capability', 'F3', 'V3', 50);Q1=77.431;Q3=127.13900000000001;IQR=49.70800000000001",
CREATEORDER_V3_C1_F3_P10_C50_CAP_S7007,throughput,678.0751027397664,"('group_d_capability', 'F3', 'V3', 50);Q1=916.7203530651866;Q3=1006.4060033693681;IQR=89.68565030418154",
CREATEORDER_V3_C2_F3_P10_C50_CAP_S7006,throughput,650.5000934735314,"('group_d_capability', 'F3', 'V3', 50);Q1=916.7203530651866;Q3=1006.4060033693681;IQR=89.68565030418154",
CREATEORDER_V3_C1_F4_P10_C10_S7000,P95,17.194,"('group_b_ambiguous', 'F4', 'V3', 10);Q1=9.333;Q3=11.061;IQR=1.7279999999999998",
CREATEORDER_V3_C1_F4_P10_C10_S7005,P95,15.041,"('group_b_ambiguous', 'F4', 'V3', 10);Q1=9.333;Q3=11.061;IQR=1.7279999999999998",
CREATEORDER_V3_C1_F4_P1_C10_S7003,P95,14.484,"('group_b_ambiguous', 'F4', 'V3', 10);Q1=9.333;Q3=11.061;IQR=1.7279999999999998",
CREATEORDER_V3_C1_F4_P1_C10_S7008,P95,14.795,"('group_b_ambiguous', 'F4', 'V3', 10);Q1=9.333;Q3=11.061;IQR=1.7279999999999998",
CREATEORDER_V3_C1_F4_P20_C10_S7001,P95,15.569,"('group_b_ambiguous', 'F4', 'V3', 10);Q1=9.333;Q3=11.061;IQR=1.7279999999999998",
CREATEORDER_V3_C1_F4_P20_C10_S7006,P95,15.302,"('group_b_ambiguous', 'F4', 'V3', 10);Q1=9.333;Q3=11.061;IQR=1.7279999999999998",
CREATEORDER_V3_C1_F4_P5_C10_S7004,P95,15.64,"('group_b_ambiguous', 'F4', 'V3', 10);Q1=9.333;Q3=11.061;IQR=1.7279999999999998",
CREATEORDER_V3_C1_F4_P5_C10_S7009,P95,14.908,"('group_b_ambiguous', 'F4', 'V3', 10);Q1=9.333;Q3=11.061;IQR=1.7279999999999998",
CREATEORDER_V3_C1_F4_P10_C10_S7000,P99,27.868,"('group_b_ambiguous', 'F4', 'V3', 10);Q1=10.506;Q3=12.75;IQR=2.2439999999999998",
CREATEORDER_V3_C1_F4_P10_C10_S7005,P99,18.693,"('group_b_ambiguous', 'F4', 'V3', 10);Q1=10.506;Q3=12.75;IQR=2.2439999999999998",
CREATEORDER_V3_C1_F4_P1_C10_S7003,P99,18.077,"('group_b_ambiguous', 'F4', 'V3', 10);Q1=10.506;Q3=12.75;IQR=2.2439999999999998",
CREATEORDER_V3_C1_F4_P1_C10_S7008,P99,19.543,"('group_b_ambiguous', 'F4', 'V3', 10);Q1=10.506;Q3=12.75;IQR=2.2439999999999998",
CREATEORDER_V3_C1_F4_P20_C10_S7001,P99,19.399,"('group_b_ambiguous', 'F4', 'V3', 10);Q1=10.506;Q3=12.75;IQR=2.2439999999999998",
CREATEORDER_V3_C1_F4_P20_C10_S7006,P99,19.005,"('group_b_ambiguous', 'F4', 'V3', 10);Q1=10.506;Q3=12.75;IQR=2.2439999999999998",
CREATEORDER_V3_C1_F4_P5_C10_S7004,P99,19.129,"('group_b_ambiguous', 'F4', 'V3', 10);Q1=10.506;Q3=12.75;IQR=2.2439999999999998",
CREATEORDER_V3_C1_F4_P5_C10_S7009,P99,18.586,"('group_b_ambiguous', 'F4', 'V3', 10);Q1=10.506;Q3=12.75;IQR=2.2439999999999998",
CREATEORDER_V3_C1_F4_P1_C50_S7000,P95,28.676,"('group_b_ambiguous', 'F4', 'V3', 50);Q1=40.774;Q3=48.6;IQR=7.8260000000000005",
CREATEORDER_V3_C1_F4_P1_C50_S7009,P95,13.722,"('group_b_ambiguous', 'F4', 'V3', 50);Q1=40.774;Q3=48.6;IQR=7.8260000000000005",
CREATEORDER_V3_C1_F4_P20_C50_S7008,P95,20.021,"('group_b_ambiguous', 'F4', 'V3', 50);Q1=40.774;Q3=48.6;IQR=7.8260000000000005",
CREATEORDER_V3_C1_F4_P5_C50_S7000,P95,11.77,"('group_b_ambiguous', 'F4', 'V3', 50);Q1=40.774;Q3=48.6;IQR=7.8260000000000005",
CREATEORDER_V3_C1_F4_P5_C50_S7003,P95,14.509,"('group_b_ambiguous', 'F4', 'V3', 50);Q1=40.774;Q3=48.6;IQR=7.8260000000000005",
CREATEORDER_V3_C1_F4_P1_C50_S7009,P99,29.885,"('group_b_ambiguous', 'F4', 'V3', 50);Q1=51.572;Q3=60.086;IQR=8.513999999999996",
CREATEORDER_V3_C1_F4_P5_C50_S7000,P99,13.981,"('group_b_ambiguous', 'F4', 'V3', 50);Q1=51.572;Q3=60.086;IQR=8.513999999999996",
CREATEORDER_V3_C1_F4_P5_C50_S7003,P99,32.79,"('group_b_ambiguous', 'F4', 'V3', 50);Q1=51.572;Q3=60.086;IQR=8.513999999999996",
CREATEORDER_V3_C1_F4_P1_C50_S7000,throughput,1848.1190648789943,"('group_b_ambiguous', 'F4', 'V3', 50);Q1=1558.3293260223734;Q3=1659.0003779746917;IQR=100.6710519523183",
CREATEORDER_V3_C1_F5_P0_C50_FAN10_S7005,P95,66.45,"('group_c_duplicates', 'F5', 'V3', 50);Q1=85.44800000000001;Q3=92.682;IQR=7.233999999999995",
CREATEORDER_V3_C1_F5_P0_C50_FAN10_S7009,P95,56.17,"('group_c_duplicates', 'F5', 'V3', 50);Q1=85.44800000000001;Q3=92.682;IQR=7.233999999999995",
CREATEORDER_V3_C1_F5_P0_C50_FAN2_S7000,P95,70.243,"('group_c_duplicates', 'F5', 'V3', 50);Q1=85.44800000000001;Q3=92.682;IQR=7.233999999999995",
CREATEORDER_V3_C1_F5_P0_C50_FAN5_S7000,P95,129.961,"('group_c_duplicates', 'F5', 'V3', 50);Q1=85.44800000000001;Q3=92.682;IQR=7.233999999999995",
CREATEORDER_V3_C1_F5_P0_C50_FAN5_S7005,P95,148.326,"('group_c_duplicates', 'F5', 'V3', 50);Q1=85.44800000000001;Q3=92.682;IQR=7.233999999999995",
CREATEORDER_V3_C1_F5_P0_C50_FAN10_S7005,P99,82.89,"('group_c_duplicates', 'F5', 'V3', 50);Q1=99.078;Q3=106.598;IQR=7.519999999999996",
CREATEORDER_V3_C1_F5_P0_C50_FAN10_S7009,P99,80.378,"('group_c_duplicates', 'F5', 'V3', 50);Q1=99.078;Q3=106.598;IQR=7.519999999999996",
CREATEORDER_V3_C1_F5_P0_C50_FAN2_S7000,P99,86.913,"('group_c_duplicates', 'F5', 'V3', 50);Q1=99.078;Q3=106.598;IQR=7.519999999999996",
CREATEORDER_V3_C1_F5_P0_C50_FAN5_S7000,P99,171.403,"('group_c_duplicates', 'F5', 'V3', 50);Q1=99.078;Q3=106.598;IQR=7.519999999999996",
CREATEORDER_V3_C1_F5_P0_C50_FAN5_S7005,P99,185.20499999999998,"('group_c_duplicates', 'F5', 'V3', 50);Q1=99.078;Q3=106.598;IQR=7.519999999999996",
CREATEORDER_V3_C1_F5_P0_C50_FAN5_S7005,throughput,616.9481252924646,"('group_c_duplicates', 'F5', 'V3', 50);Q1=723.4621609797417;Q3=775.0471244943873;IQR=51.58496351464555",
CREATEORDER_V3_C1_F6_P0_C50_FAN5_S7008,P99,1217.956,"('group_c_duplicates', 'F6', 'V3', 50);Q1=68.739;Q3=281.295;IQR=212.556",
CREATEORDER_V3_C1_F7_P10_C50_S7003,P95,38.302,"('group_e_safe_controls', 'F7', 'V3', 50);Q1=45.252;Q3=48.43;IQR=3.1779999999999973",
CREATEORDER_V3_C1_F7_P10_C50_S7008,P95,53.302,"('group_e_safe_controls', 'F7', 'V3', 50);Q1=45.252;Q3=48.43;IQR=3.1779999999999973",
CREATEORDER_V3_C1_F7_P10_C50_S7008,P99,64.642,"('group_e_safe_controls', 'F7', 'V3', 50);Q1=54.934;Q3=57.996;IQR=3.0620000000000047",
CREATEORDER_V3_C1_F8_P1_C50_S7001,P95,78.63,"('group_b_ambiguous', 'F8', 'V3', 50);Q1=31.352;Q3=41.917;IQR=10.565000000000001",
CREATEORDER_V3_C1_F8_P5_C50_S7002,P95,77.647,"('group_b_ambiguous', 'F8', 'V3', 50);Q1=31.352;Q3=41.917;IQR=10.565000000000001",
CREATEORDER_V3_C1_F8_P5_C50_S7002,P99,195.723,"('group_b_ambiguous', 'F8', 'V3', 50);Q1=44.38;Q3=87.53899999999999;IQR=43.158999999999985",
CREATEORDER_V3_C1_F9_P10_C10_S7004,P95,19.311,"('group_b_ambiguous', 'F9', 'V3', 10);Q1=10.208;Q3=12.156;IQR=1.9480000000000004",
CREATEORDER_V3_C1_F9_P1_C10_S7002,P95,15.824,"('group_b_ambiguous', 'F9', 'V3', 10);Q1=10.208;Q3=12.156;IQR=1.9480000000000004",
CREATEORDER_V3_C1_F9_P1_C10_S7007,P95,16.59,"('group_b_ambiguous', 'F9', 'V3', 10);Q1=10.208;Q3=12.156;IQR=1.9480000000000004",
CREATEORDER_V3_C1_F9_P20_C10_S7005,P95,16.019,"('group_b_ambiguous', 'F9', 'V3', 10);Q1=10.208;Q3=12.156;IQR=1.9480000000000004",
CREATEORDER_V3_C1_F9_P5_C10_S7003,P95,16.933,"('group_b_ambiguous', 'F9', 'V3', 10);Q1=10.208;Q3=12.156;IQR=1.9480000000000004",
CREATEORDER_V3_C1_F9_P5_C10_S7008,P95,16.781,"('group_b_ambiguous', 'F9', 'V3', 10);Q1=10.208;Q3=12.156;IQR=1.9480000000000004",
CREATEORDER_V3_C1_F9_P10_C10_S7004,P99,22.359,"('group_b_ambiguous', 'F9', 'V3', 10);Q1=11.335;Q3=13.422;IQR=2.0869999999999997",
CREATEORDER_V3_C1_F9_P10_C10_S7009,P99,18.816,"('group_b_ambiguous', 'F9', 'V3', 10);Q1=11.335;Q3=13.422;IQR=2.0869999999999997",
CREATEORDER_V3_C1_F9_P1_C10_S7002,P99,19.837,"('group_b_ambiguous', 'F9', 'V3', 10);Q1=11.335;Q3=13.422;IQR=2.0869999999999997",
CREATEORDER_V3_C1_F9_P1_C10_S7007,P99,20.046,"('group_b_ambiguous', 'F9', 'V3', 10);Q1=11.335;Q3=13.422;IQR=2.0869999999999997",
CREATEORDER_V3_C1_F9_P20_C10_S7000,P99,18.567,"('group_b_ambiguous', 'F9', 'V3', 10);Q1=11.335;Q3=13.422;IQR=2.0869999999999997",
CREATEORDER_V3_C1_F9_P20_C10_S7005,P99,19.409,"('group_b_ambiguous', 'F9', 'V3', 10);Q1=11.335;Q3=13.422;IQR=2.0869999999999997",
CREATEORDER_V3_C1_F9_P5_C10_S7003,P99,20.391,"('group_b_ambiguous', 'F9', 'V3', 10);Q1=11.335;Q3=13.422;IQR=2.0869999999999997",
CREATEORDER_V3_C1_F9_P5_C10_S7008,P99,20.937,"('group_b_ambiguous', 'F9', 'V3', 10);Q1=11.335;Q3=13.422;IQR=2.0869999999999997",
CREATEORDER_V3_C1_F9_P10_C50_S7005,P95,14.77,"('group_b_ambiguous', 'F9', 'V3', 50);Q1=41.573;Q3=51.295;IQR=9.722000000000001",
CREATEORDER_V3_C1_F9_P20_C50_S7003,P95,14.811,"('group_b_ambiguous', 'F9', 'V3', 50);Q1=41.573;Q3=51.295;IQR=9.722000000000001",
CREATEORDER_V3_C1_F9_P5_C50_S7003,P95,15.334,"('group_b_ambiguous', 'F9', 'V3', 50);Q1=41.573;Q3=51.295;IQR=9.722000000000001",
CREATEORDER_V3_C1_F9_P5_C50_S7006,P95,15.318,"('group_b_ambiguous', 'F9', 'V3', 50);Q1=41.573;Q3=51.295;IQR=9.722000000000001",
CREATEORDER_V3_C1_F9_P10_C50_S7005,P99,17.648,"('group_b_ambiguous', 'F9', 'V3', 50);Q1=52.432;Q3=62.638;IQR=10.205999999999996",
CREATEORDER_V3_C1_F9_P20_C50_S7003,P99,17.698,"('group_b_ambiguous', 'F9', 'V3', 50);Q1=52.432;Q3=62.638;IQR=10.205999999999996",
CREATEORDER_V3_C1_F9_P5_C50_S7003,P99,20.129,"('group_b_ambiguous', 'F9', 'V3', 50);Q1=52.432;Q3=62.638;IQR=10.205999999999996",
CREATEORDER_V3_C1_F9_P5_C50_S7004,P99,78.151,"('group_b_ambiguous', 'F9', 'V3', 50);Q1=52.432;Q3=62.638;IQR=10.205999999999996",
CREATEORDER_V3_C1_F9_P5_C50_S7006,P99,25.327,"('group_b_ambiguous', 'F9', 'V3', 50);Q1=52.432;Q3=62.638;IQR=10.205999999999996",
CREATEORDER_V3_C1_F9_P10_C50_S7004,throughput,1083.8158384612316,"('group_b_ambiguous', 'F9', 'V3', 50);Q1=1417.9596694425875;Q3=1585.890364690158;IQR=167.9306952475706",
CREATEORDER_V3_C1_F9_P20_C50_S7004,throughput,1162.2473019265,"('group_b_ambiguous', 'F9', 'V3', 50);Q1=1417.9596694425875;Q3=1585.890364690158;IQR=167.9306952475706",
CREATEORDER_V3_C1_F9_P5_C50_S7004,throughput,1129.322593681276,"('group_b_ambiguous', 'F9', 'V3', 50);Q1=1417.9596694425875;Q3=1585.890364690158;IQR=167.9306952475706",
CREATEORDER_V4_C0_F3_P10_C50_CAP_S7005,P95,145.594,"('group_d_capability', 'F3', 'V4', 50);Q1=58.544999999999995;Q3=89.358;IQR=30.81300000000001",
CREATEORDER_V4_C0_F3_P10_C50_CAP_S7005,P99,209.30800000000002,"('group_d_capability', 'F3', 'V4', 50);Q1=82.343;Q3=130.346;IQR=48.003",
CREATEORDER_V4_C1_F0_P0_C100_S7003,P95,143.978,"('group_a_baseline', 'F0', 'V4', 100);Q1=108.037;Q3=121.815;IQR=13.777999999999992",
CREATEORDER_V4_C1_F0_P0_C100_S7005,P95,189.407,"('group_a_baseline', 'F0', 'V4', 100);Q1=108.037;Q3=121.815;IQR=13.777999999999992",
CREATEORDER_V4_C1_F0_P0_C100_S7003,P99,214.232,"('group_a_baseline', 'F0', 'V4', 100);Q1=136.093;Q3=150.688;IQR=14.594999999999999",
CREATEORDER_V4_C1_F0_P0_C100_S7005,P99,235.733,"('group_a_baseline', 'F0', 'V4', 100);Q1=136.093;Q3=150.688;IQR=14.594999999999999",
CREATEORDER_V4_C1_F0_P0_C100_S7000,throughput,1476.5557092359259,"('group_a_baseline', 'F0', 'V4', 100);Q1=1329.257661185688;Q3=1346.9328797553576;IQR=17.675218569669596",
CREATEORDER_V4_C1_F0_P0_C100_S7003,throughput,1227.8727761898006,"('group_a_baseline', 'F0', 'V4', 100);Q1=1329.257661185688;Q3=1346.9328797553576;IQR=17.675218569669596",
CREATEORDER_V4_C1_F0_P0_C100_S7005,throughput,963.9985065311681,"('group_a_baseline', 'F0', 'V4', 100);Q1=1329.257661185688;Q3=1346.9328797553576;IQR=17.675218569669596",
CREATEORDER_V4_C1_F0_P0_C10_S7003,P95,18.234,"('group_a_baseline', 'F0', 'V4', 10);Q1=11.982;Q3=13.861;IQR=1.8790000000000013",
CREATEORDER_V4_C1_F0_P0_C10_S7008,P95,18.281,"('group_a_baseline', 'F0', 'V4', 10);Q1=11.982;Q3=13.861;IQR=1.8790000000000013",
CREATEORDER_V4_C1_F0_P0_C10_S7003,P99,23.277,"('group_a_baseline', 'F0', 'V4', 10);Q1=13.223;Q3=16.185;IQR=2.961999999999998",
CREATEORDER_V4_C1_F0_P0_C10_S7008,P99,23.328,"('group_a_baseline', 'F0', 'V4', 10);Q1=13.223;Q3=16.185;IQR=2.961999999999998",
CREATEORDER_V4_C1_F0_P0_C1_S7000,P95,12.119,"('group_a_baseline', 'F0', 'V4', 1);Q1=8.349;Q3=9.524;IQR=1.174999999999999",
CREATEORDER_V4_C1_F0_P0_C50_S7005,P95,31.82,"('group_a_baseline', 'F0', 'V4', 50);Q1=49.887;Q3=53.779;IQR=3.892000000000003",
CREATEORDER_V4_C1_F0_P0_C50_S7005,P99,46.044,"('group_a_baseline', 'F0', 'V4', 50);Q1=60.751;Q3=65.381;IQR=4.630000000000003",
CREATEORDER_V4_C1_F0_P0_C50_S7000,throughput,1481.703646341208,"('group_a_baseline', 'F0', 'V4', 50);Q1=1326.4254996781422;Q3=1385.9741519024635;IQR=59.54865222432136",
CREATEORDER_V4_C1_F1_P10_C50_S7007,P95,111.73400000000001,"('group_e_safe_controls', 'F1', 'V4', 50);Q1=57.388000000000005;Q3=71.04299999999999;IQR=13.654999999999987",
CREATEORDER_V4_C1_F1_P10_C50_S7002,P99,159.324,"('group_e_safe_controls', 'F1', 'V4', 50);Q1=82.589;Q3=96.461;IQR=13.872",
CREATEORDER_V4_C1_F1_P10_C50_S7007,P99,210.24699999999999,"('group_e_safe_controls', 'F1', 'V4', 50);Q1=82.589;Q3=96.461;IQR=13.872",
CREATEORDER_V4_C1_F1_P10_C50_S7002,throughput,773.1132827289887,"('group_e_safe_controls', 'F1', 'V4', 50);Q1=956.4133550594145;Q3=1014.1436429142296;IQR=57.730287854815174",
CREATEORDER_V4_C1_F1_P10_C50_S7007,throughput,724.4969308706599,"('group_e_safe_controls', 'F1', 'V4', 50);Q1=956.4133550594145;Q3=1014.1436429142296;IQR=57.730287854815174",
CREATEORDER_V4_C1_F2_P10_C50_S7005,P95,123.138,"('group_e_safe_controls', 'F2', 'V4', 50);Q1=59.805;Q3=78.10300000000001;IQR=18.29800000000001",
CREATEORDER_V4_C1_F2_P10_C50_S7000,P99,173.614,"('group_e_safe_controls', 'F2', 'V4', 50);Q1=83.239;Q3=107.343;IQR=24.104",
CREATEORDER_V4_C1_F2_P10_C50_S7005,P99,193.209,"('group_e_safe_controls', 'F2', 'V4', 50);Q1=83.239;Q3=107.343;IQR=24.104",
CREATEORDER_V4_C1_F2_P10_C50_S7005,throughput,681.3168409429722,"('group_e_safe_controls', 'F2', 'V4', 50);Q1=829.636421081294;Q3=910.098071257033;IQR=80.46165017573901",
CREATEORDER_V4_C1_F4_P1_C10_S7000,P99,2007.8329999999999,"('group_b_ambiguous', 'F4', 'V4', 10);Q1=2014.56;Q3=2017.6390000000001;IQR=3.0790000000001783",
CREATEORDER_V4_C1_F4_P1_C10_S7001,P99,16.599,"('group_b_ambiguous', 'F4', 'V4', 10);Q1=2014.56;Q3=2017.6390000000001;IQR=3.0790000000001783",
CREATEORDER_V4_C1_F4_P1_C10_S7002,P99,2007.0140000000001,"('group_b_ambiguous', 'F4', 'V4', 10);Q1=2014.56;Q3=2017.6390000000001;IQR=3.0790000000001783",
CREATEORDER_V4_C1_F4_P1_C10_S7003,P99,2004.014,"('group_b_ambiguous', 'F4', 'V4', 10);Q1=2014.56;Q3=2017.6390000000001;IQR=3.0790000000001783",
CREATEORDER_V4_C1_F4_P1_C10_S7004,P99,2004.894,"('group_b_ambiguous', 'F4', 'V4', 10);Q1=2014.56;Q3=2017.6390000000001;IQR=3.0790000000001783",
CREATEORDER_V4_C1_F4_P1_C10_S7005,P99,2006.074,"('group_b_ambiguous', 'F4', 'V4', 10);Q1=2014.56;Q3=2017.6390000000001;IQR=3.0790000000001783",
CREATEORDER_V4_C1_F4_P1_C10_S7006,P99,2004.374,"('group_b_ambiguous', 'F4', 'V4', 10);Q1=2014.56;Q3=2017.6390000000001;IQR=3.0790000000001783",
CREATEORDER_V4_C1_F4_P1_C10_S7007,P99,2005.163,"('group_b_ambiguous', 'F4', 'V4', 10);Q1=2014.56;Q3=2017.6390000000001;IQR=3.0790000000001783",
CREATEORDER_V4_C1_F4_P1_C10_S7008,P99,2005.032,"('group_b_ambiguous', 'F4', 'V4', 10);Q1=2014.56;Q3=2017.6390000000001;IQR=3.0790000000001783",
CREATEORDER_V4_C1_F4_P1_C10_S7009,P99,16.539,"('group_b_ambiguous', 'F4', 'V4', 10);Q1=2014.56;Q3=2017.6390000000001;IQR=3.0790000000001783",
CREATEORDER_V4_C1_F5_P0_C50_FAN10_S7002,P95,155.063,"('group_c_duplicates', 'F5', 'V4', 50);Q1=96.702;Q3=106.91;IQR=10.207999999999998",
CREATEORDER_V4_C1_F5_P0_C50_FAN10_S7004,P95,50.161,"('group_c_duplicates', 'F5', 'V4', 50);Q1=96.702;Q3=106.91;IQR=10.207999999999998",
CREATEORDER_V4_C1_F5_P0_C50_FAN10_S7007,P95,154.81400000000002,"('group_c_duplicates', 'F5', 'V4', 50);Q1=96.702;Q3=106.91;IQR=10.207999999999998",
CREATEORDER_V4_C1_F5_P0_C50_FAN2_S7001,P95,143.81799999999998,"('group_c_duplicates', 'F5', 'V4', 50);Q1=96.702;Q3=106.91;IQR=10.207999999999998",
CREATEORDER_V4_C1_F5_P0_C50_FAN2_S7006,P95,153.718,"('group_c_duplicates', 'F5', 'V4', 50);Q1=96.702;Q3=106.91;IQR=10.207999999999998",
CREATEORDER_V4_C1_F5_P0_C50_FAN10_S7002,P99,191.591,"('group_c_duplicates', 'F5', 'V4', 50);Q1=112.372;Q3=124.328;IQR=11.956000000000003",
CREATEORDER_V4_C1_F5_P0_C50_FAN10_S7004,P99,83.434,"('group_c_duplicates', 'F5', 'V4', 50);Q1=112.372;Q3=124.328;IQR=11.956000000000003",
CREATEORDER_V4_C1_F5_P0_C50_FAN10_S7007,P99,187.226,"('group_c_duplicates', 'F5', 'V4', 50);Q1=112.372;Q3=124.328;IQR=11.956000000000003",
CREATEORDER_V4_C1_F5_P0_C50_FAN2_S7001,P99,173.873,"('group_c_duplicates', 'F5', 'V4', 50);Q1=112.372;Q3=124.328;IQR=11.956000000000003",
CREATEORDER_V4_C1_F5_P0_C50_FAN2_S7006,P99,187.035,"('group_c_duplicates', 'F5', 'V4', 50);Q1=112.372;Q3=124.328;IQR=11.956000000000003",
CREATEORDER_V4_C1_F5_P0_C50_FAN10_S7002,throughput,551.5734418620738,"('group_c_duplicates', 'F5', 'V4', 50);Q1=634.3610245376775;Q3=675.6378882701252;IQR=41.27686373244774",
CREATEORDER_V4_C1_F5_P0_C50_FAN10_S7007,throughput,533.8777456386756,"('group_c_duplicates', 'F5', 'V4', 50);Q1=634.3610245376775;Q3=675.6378882701252;IQR=41.27686373244774",
CREATEORDER_V4_C1_F5_P0_C50_FAN2_S7006,throughput,538.3947915093414,"('group_c_duplicates', 'F5', 'V4', 50);Q1=634.3610245376775;Q3=675.6378882701252;IQR=41.27686373244774",
CREATEORDER_V4_C1_F6_P0_C50_FAN10_S7000,P95,20053.303000000004,"('group_c_duplicates', 'F6', 'V4', 50);Q1=41.602000000000004;Q3=175.024;IQR=133.422",
CREATEORDER_V4_C1_F6_P0_C50_FAN10_S7006,P95,4175.195,"('group_c_duplicates', 'F6', 'V4', 50);Q1=41.602000000000004;Q3=175.024;IQR=133.422",
CREATEORDER_V4_C1_F6_P0_C50_FAN10_S7000,P99,20104.191000000003,"('group_c_duplicates', 'F6', 'V4', 50);Q1=55.484;Q3=248.946;IQR=193.462",
CREATEORDER_V4_C1_F6_P0_C50_FAN10_S7006,P99,20105.366999999995,"('group_c_duplicates', 'F6', 'V4', 50);Q1=55.484;Q3=248.946;IQR=193.462",
CREATEORDER_V4_C1_F6_P0_C50_FAN5_S7000,P99,8224.305,"('group_c_duplicates', 'F6', 'V4', 50);Q1=55.484;Q3=248.946;IQR=193.462",
CREATEORDER_V4_C1_F7_P10_C50_S7003,P95,108.678,"('group_e_safe_controls', 'F7', 'V4', 50);Q1=65.649;Q3=80.61099999999999;IQR=14.961999999999989",
CREATEORDER_V4_C1_F7_P10_C50_S7008,P95,121.78299999999999,"('group_e_safe_controls', 'F7', 'V4', 50);Q1=65.649;Q3=80.61099999999999;IQR=14.961999999999989",
CREATEORDER_V4_C1_F7_P10_C50_S7003,P99,179.315,"('group_e_safe_controls', 'F7', 'V4', 50);Q1=84.634;Q3=110.078;IQR=25.444000000000003",
CREATEORDER_V4_C1_F7_P10_C50_S7008,P99,192.59300000000002,"('group_e_safe_controls', 'F7', 'V4', 50);Q1=84.634;Q3=110.078;IQR=25.444000000000003",
CREATEORDER_V4_C1_F7_P10_C50_S7003,throughput,693.617078558364,"('group_e_safe_controls', 'F7', 'V4', 50);Q1=840.1252557198789;Q3=901.1741056484524;IQR=61.04884992857353",
CREATEORDER_V4_C1_F7_P10_C50_S7008,throughput,660.3619320909331,"('group_e_safe_controls', 'F7', 'V4', 50);Q1=840.1252557198789;Q3=901.1741056484524;IQR=61.04884992857353",
CREATEORDER_V4_C1_F8_P1_C50_S7000,P95,37.905,"('group_b_ambiguous', 'F8', 'V4', 50);Q1=22.471;Q3=28.197;IQR=5.725999999999999",
CREATEORDER_V4_C1_F8_P1_C50_S7001,P95,42.645,"('group_b_ambiguous', 'F8', 'V4', 50);Q1=22.471;Q3=28.197;IQR=5.725999999999999",
CREATEORDER_V4_C1_F8_P1_C50_S7002,P95,41.185,"('group_b_ambiguous', 'F8', 'V4', 50);Q1=22.471;Q3=28.197;IQR=5.725999999999999",
CREATEORDER_V4_C1_F8_P1_C50_S7003,P95,42.738,"('group_b_ambiguous', 'F8', 'V4', 50);Q1=22.471;Q3=28.197;IQR=5.725999999999999",
CREATEORDER_V4_C1_F8_P1_C50_S7005,P95,43.703,"('group_b_ambiguous', 'F8', 'V4', 50);Q1=22.471;Q3=28.197;IQR=5.725999999999999",
CREATEORDER_V4_C1_F8_P1_C50_S7007,P95,49.019,"('group_b_ambiguous', 'F8', 'V4', 50);Q1=22.471;Q3=28.197;IQR=5.725999999999999",
CREATEORDER_V4_C1_F8_P1_C50_S7008,P95,44.968,"('group_b_ambiguous', 'F8', 'V4', 50);Q1=22.471;Q3=28.197;IQR=5.725999999999999",
CREATEORDER_V4_C1_F8_P1_C50_S7009,P95,43.188,"('group_b_ambiguous', 'F8', 'V4', 50);Q1=22.471;Q3=28.197;IQR=5.725999999999999",
CREATEORDER_V4_C1_F8_P5_C50_S7001,P95,61.714,"('group_b_ambiguous', 'F8', 'V4', 50);Q1=22.471;Q3=28.197;IQR=5.725999999999999",
CREATEORDER_V4_C1_F8_P5_C50_S7001,P99,121.517,"('group_b_ambiguous', 'F8', 'V4', 50);Q1=28.046;Q3=51.396;IQR=23.35",
CREATEORDER_V4_C1_F9_P20_C10_S7004,P95,26.061999999999998,"('group_b_ambiguous', 'F9', 'V4', 10);Q1=13.216000000000001;Q3=17.634;IQR=4.417999999999999",
CREATEORDER_V4_C1_F9_P20_C10_S7004,P99,33.469,"('group_b_ambiguous', 'F9', 'V4', 10);Q1=15.426;Q3=20.97;IQR=5.543999999999999",
CREATEORDER_V4_C1_F9_P1_C50_S7000,P95,25.04,"('group_b_ambiguous', 'F9', 'V4', 50);Q1=58.102;Q3=73.946;IQR=15.844000000000001",
CREATEORDER_V4_C1_F9_P1_C50_S7005,P95,19.898,"('group_b_ambiguous', 'F9', 'V4', 50);Q1=58.102;Q3=73.946;IQR=15.844000000000001",
CREATEORDER_V4_C1_F9_P20_C50_S7003,P95,136.351,"('group_b_ambiguous', 'F9', 'V4', 50);Q1=58.102;Q3=73.946;IQR=15.844000000000001",
CREATEORDER_V4_C1_F9_P5_C50_S7009,P95,20.08,"('group_b_ambiguous', 'F9', 'V4', 50);Q1=58.102;Q3=73.946;IQR=15.844000000000001",
CREATEORDER_V4_C1_F9_P1_C50_S7000,P99,44.272,"('group_b_ambiguous', 'F9', 'V4', 50);Q1=79.196;Q3=97.32400000000001;IQR=18.128000000000014",
CREATEORDER_V4_C1_F9_P1_C50_S7005,P99,24.101,"('group_b_ambiguous', 'F9', 'V4', 50);Q1=79.196;Q3=97.32400000000001;IQR=18.128000000000014",
CREATEORDER_V4_C1_F9_P20_C50_S7003,P99,293.796,"('group_b_ambiguous', 'F9', 'V4', 50);Q1=79.196;Q3=97.32400000000001;IQR=18.128000000000014",
CREATEORDER_V4_C1_F9_P5_C50_S7009,P99,25.341,"('group_b_ambiguous', 'F9', 'V4', 50);Q1=79.196;Q3=97.32400000000001;IQR=18.128000000000014",
CREATEORDER_V4_C1_F9_P20_C50_S7003,throughput,693.1098603281599,"('group_b_ambiguous', 'F9', 'V4', 50);Q1=1032.252424669862;Q3=1188.716626273353;IQR=156.46420160349112",
CREATEORDER_V4_C1_F9_P20_C50_S7004,throughput,745.0143122436324,"('group_b_ambiguous', 'F9', 'V4', 50);Q1=1032.252424669862;Q3=1188.716626273353;IQR=156.46420160349112",
CREATEORDER_V5_C2_F0_P0_C100_S7004,P95,191.703,"('group_a_baseline', 'F0', 'V5', 100);Q1=93.115;Q3=119.091;IQR=25.976",
CREATEORDER_V5_C2_F0_P0_C100_S7009,P95,195.959,"('group_a_baseline', 'F0', 'V5', 100);Q1=93.115;Q3=119.091;IQR=25.976",
CREATEORDER_V5_C2_F0_P0_C100_S7004,P99,240.083,"('group_a_baseline', 'F0', 'V5', 100);Q1=124.317;Q3=147.003;IQR=22.685999999999993",
CREATEORDER_V5_C2_F0_P0_C100_S7009,P99,242.895,"('group_a_baseline', 'F0', 'V5', 100);Q1=124.317;Q3=147.003;IQR=22.685999999999993",
CREATEORDER_V5_C2_F0_P0_C100_S7000,throughput,1487.3594602148835,"('group_a_baseline', 'F0', 'V5', 100);Q1=1268.5355633906968;Q3=1347.8433113640729;IQR=79.30774797337608",
CREATEORDER_V5_C2_F0_P0_C100_S7004,throughput,938.4540271739494,"('group_a_baseline', 'F0', 'V5', 100);Q1=1268.5355633906968;Q3=1347.8433113640729;IQR=79.30774797337608",
CREATEORDER_V5_C2_F0_P0_C100_S7009,throughput,921.9895135580667,"('group_a_baseline', 'F0', 'V5', 100);Q1=1268.5355633906968;Q3=1347.8433113640729;IQR=79.30774797337608",
CREATEORDER_V5_C2_F0_P0_C10_S7000,P95,11.263,"('group_a_baseline', 'F0', 'V5', 10);Q1=12.329;Q3=12.605;IQR=0.2759999999999998",
CREATEORDER_V5_C2_F0_P0_C10_S7002,P95,17.823,"('group_a_baseline', 'F0', 'V5', 10);Q1=12.329;Q3=12.605;IQR=0.2759999999999998",
CREATEORDER_V5_C2_F0_P0_C10_S7007,P95,17.819,"('group_a_baseline', 'F0', 'V5', 10);Q1=12.329;Q3=12.605;IQR=0.2759999999999998",
CREATEORDER_V5_C2_F0_P0_C10_S7002,P99,21.926,"('group_a_baseline', 'F0', 'V5', 10);Q1=13.852;Q3=15.79;IQR=1.9379999999999988",
CREATEORDER_V5_C2_F0_P0_C10_S7007,P99,22.012,"('group_a_baseline', 'F0', 'V5', 10);Q1=13.852;Q3=15.79;IQR=1.9379999999999988",
CREATEORDER_V5_C2_F0_P0_C10_S7000,throughput,1109.9828896656677,"('group_a_baseline', 'F0', 'V5', 10);Q1=986.9667009946487;Q3=1009.3269586225673;IQR=22.3602576279186",
CREATEORDER_V5_C2_F0_P0_C10_S7002,throughput,834.9912833944933,"('group_a_baseline', 'F0', 'V5', 10);Q1=986.9667009946487;Q3=1009.3269586225673;IQR=22.3602576279186",
CREATEORDER_V5_C2_F0_P0_C10_S7007,throughput,835.4568480366335,"('group_a_baseline', 'F0', 'V5', 10);Q1=986.9667009946487;Q3=1009.3269586225673;IQR=22.3602576279186",
CREATEORDER_V5_C2_F0_P0_C1_S7000,P95,13.224,"('group_a_baseline', 'F0', 'V5', 1);Q1=8.493;Q3=9.273;IQR=0.7799999999999994",
CREATEORDER_V5_C2_F0_P0_C1_S7000,P99,14.274,"('group_a_baseline', 'F0', 'V5', 1);Q1=9.527;Q3=10.494;IQR=0.9670000000000005",
CREATEORDER_V5_C2_F0_P0_C1_S7003,P99,12.312,"('group_a_baseline', 'F0', 'V5', 1);Q1=9.527;Q3=10.494;IQR=0.9670000000000005",
CREATEORDER_V5_C2_F0_P0_C1_S7000,throughput,99.83338126130816,"('group_a_baseline', 'F0', 'V5', 1);Q1=123.3808790165754;Q3=137.63985516624354;IQR=14.258976149668129",
CREATEORDER_V5_C2_F0_P0_C50_S7002,P95,19.559,"('group_a_baseline', 'F0', 'V5', 50);Q1=48.766;Q3=55.114;IQR=6.347999999999999",
CREATEORDER_V5_C2_F0_P0_C50_S7007,P95,22.0,"('group_a_baseline', 'F0', 'V5', 50);Q1=48.766;Q3=55.114;IQR=6.347999999999999",
CREATEORDER_V5_C2_F0_P0_C50_S7002,P99,22.603,"('group_a_baseline', 'F0', 'V5', 50);Q1=57.884;Q3=68.094;IQR=10.209999999999994",
CREATEORDER_V5_C2_F0_P0_C50_S7007,P99,35.407,"('group_a_baseline', 'F0', 'V5', 50);Q1=57.884;Q3=68.094;IQR=10.209999999999994",
CREATEORDER_V5_C2_F0_P0_C50_S7000,throughput,1544.5071764481863,"('group_a_baseline', 'F0', 'V5', 50);Q1=1328.9181217011935;Q3=1381.2775113725666;IQR=52.35938967137304",
CREATEORDER_V5_C2_F0_P0_C50_S7007,throughput,1236.402839075115,"('group_a_baseline', 'F0', 'V5', 50);Q1=1328.9181217011935;Q3=1381.2775113725666;IQR=52.35938967137304",
CREATEORDER_V5_C2_F3_P10_C10_S7008,P99,29.327,"('group_b_ambiguous', 'F3', 'V5', 10);Q1=18.604999999999997;Q3=22.831;IQR=4.226000000000003",
CREATEORDER_V5_C2_F3_P20_C10_S7004,P99,33.733000000000004,"('group_b_ambiguous', 'F3', 'V5', 10);Q1=18.604999999999997;Q3=22.831;IQR=4.226000000000003",
CREATEORDER_V5_C2_F3_P20_C10_S7009,P99,33.313,"('group_b_ambiguous', 'F3', 'V5', 10);Q1=18.604999999999997;Q3=22.831;IQR=4.226000000000003",
CREATEORDER_V5_C2_F3_P5_C10_S7002,P99,29.633,"('group_b_ambiguous', 'F3', 'V5', 10);Q1=18.604999999999997;Q3=22.831;IQR=4.226000000000003",
CREATEORDER_V5_C2_F3_P1_C50_S7008,P95,18.908,"('group_b_ambiguous', 'F3', 'V5', 50);Q1=60.245;Q3=76.615;IQR=16.369999999999997",
CREATEORDER_V5_C2_F3_P20_C50_S7009,P95,32.792,"('group_b_ambiguous', 'F3', 'V5', 50);Q1=60.245;Q3=76.615;IQR=16.369999999999997",
CREATEORDER_V5_C2_F3_P1_C50_S7008,P99,25.027,"('group_b_ambiguous', 'F3', 'V5', 50);Q1=78.847;Q3=98.26400000000001;IQR=19.417000000000016",
CREATEORDER_V5_C2_F3_P20_C50_S7009,P99,42.778999999999996,"('group_b_ambiguous', 'F3', 'V5', 50);Q1=78.847;Q3=98.26400000000001;IQR=19.417000000000016",
CREATEORDER_V5_C2_F3_P1_C50_S7000,throughput,1457.1698504018184,"('group_b_ambiguous', 'F3', 'V5', 50);Q1=1117.2990834149825;Q3=1252.0501805878346;IQR=134.75109717285204",
CREATEORDER_V5_C2_F4_P1_C10_S7000,P99,29.572,"('group_b_ambiguous', 'F4', 'V5', 10);Q1=2013.8839999999998;Q3=2017.61;IQR=3.7260000000001128",
CREATEORDER_V5_C2_F4_P1_C10_S7001,P99,2006.066,"('group_b_ambiguous', 'F4', 'V5', 10);Q1=2013.8839999999998;Q3=2017.61;IQR=3.7260000000001128",
CREATEORDER_V5_C2_F4_P1_C10_S7002,P99,2004.038,"('group_b_ambiguous', 'F4', 'V5', 10);Q1=2013.8839999999998;Q3=2017.61;IQR=3.7260000000001128",
CREATEORDER_V5_C2_F4_P1_C10_S7003,P99,15.706,"('group_b_ambiguous', 'F4', 'V5', 10);Q1=2013.8839999999998;Q3=2017.61;IQR=3.7260000000001128",
CREATEORDER_V5_C2_F4_P1_C10_S7004,P99,21.378,"('group_b_ambiguous', 'F4', 'V5', 10);Q1=2013.8839999999998;Q3=2017.61;IQR=3.7260000000001128",
CREATEORDER_V5_C2_F4_P1_C10_S7005,P99,2005.511,"('group_b_ambiguous', 'F4', 'V5', 10);Q1=2013.8839999999998;Q3=2017.61;IQR=3.7260000000001128",
CREATEORDER_V5_C2_F4_P1_C10_S7006,P99,20.61,"('group_b_ambiguous', 'F4', 'V5', 10);Q1=2013.8839999999998;Q3=2017.61;IQR=3.7260000000001128",
CREATEORDER_V5_C2_F4_P1_C10_S7007,P99,14.435,"('group_b_ambiguous', 'F4', 'V5', 10);Q1=2013.8839999999998;Q3=2017.61;IQR=3.7260000000001128",
CREATEORDER_V5_C2_F4_P1_C10_S7008,P99,2003.969,"('group_b_ambiguous', 'F4', 'V5', 10);Q1=2013.8839999999998;Q3=2017.61;IQR=3.7260000000001128",
CREATEORDER_V5_C2_F4_P1_C10_S7009,P99,2004.8419999999999,"('group_b_ambiguous', 'F4', 'V5', 10);Q1=2013.8839999999998;Q3=2017.61;IQR=3.7260000000001128",
CREATEORDER_V5_C2_F5_P0_C50_FAN5_S7001,P95,56.86,"('group_c_duplicates', 'F5', 'V5', 50);Q1=95.644;Q3=106.655;IQR=11.010999999999996",
CREATEORDER_V5_C2_F5_P0_C50_FAN5_S7003,P95,147.652,"('group_c_duplicates', 'F5', 'V5', 50);Q1=95.644;Q3=106.655;IQR=11.010999999999996",
CREATEORDER_V5_C2_F5_P0_C50_FAN5_S7008,P95,151.745,"('group_c_duplicates', 'F5', 'V5', 50);Q1=95.644;Q3=106.655;IQR=11.010999999999996",
CREATEORDER_V5_C2_F5_P0_C50_FAN5_S7001,P99,85.019,"('group_c_duplicates', 'F5', 'V5', 50);Q1=112.28900000000002;Q3=122.68299999999999;IQR=10.393999999999977",
CREATEORDER_V5_C2_F5_P0_C50_FAN5_S7003,P99,179.929,"('group_c_duplicates', 'F5', 'V5', 50);Q1=112.28900000000002;Q3=122.68299999999999;IQR=10.393999999999977",
CREATEORDER_V5_C2_F5_P0_C50_FAN5_S7008,P99,182.34300000000002,"('group_c_duplicates', 'F5', 'V5', 50);Q1=112.28900000000002;Q3=122.68299999999999;IQR=10.393999999999977",
CREATEORDER_V5_C2_F5_P0_C50_FAN5_S7003,throughput,559.4384029668734,"('group_c_duplicates', 'F5', 'V5', 50);Q1=641.2996749714765;Q3=682.3023056860424;IQR=41.00263071456584",
CREATEORDER_V5_C2_F5_P0_C50_FAN5_S7008,throughput,532.7658158532273,"('group_c_duplicates', 'F5', 'V5', 50);Q1=641.2996749714765;Q3=682.3023056860424;IQR=41.00263071456584",
CREATEORDER_V5_C2_F6_P0_C50_FAN10_S7000,P99,20083.667999999998,"('group_c_duplicates', 'F6', 'V5', 50);Q1=56.152;Q3=242.67399999999998;IQR=186.522",
CREATEORDER_V5_C2_F6_P0_C50_FAN2_S7000,P99,4013.978,"('group_c_duplicates', 'F6', 'V5', 50);Q1=56.152;Q3=242.67399999999998;IQR=186.522",
CREATEORDER_V5_C2_F6_P0_C50_FAN5_S7000,P99,10037.271999999999,"('group_c_duplicates', 'F6', 'V5', 50);Q1=56.152;Q3=242.67399999999998;IQR=186.522",
CREATEORDER_V5_C2_F8_P20_C50_S7000,throughput,675.516700609699,"('group_b_ambiguous', 'F8', 'V5', 50);Q1=1042.9355697781366;Q3=1285.5306298996002;IQR=242.59506012146358",
CREATEORDER_V5_C2_F8_P20_C50_S7001,throughput,673.6700790706712,"('group_b_ambiguous', 'F8', 'V5', 50);Q1=1042.9355697781366;Q3=1285.5306298996002;IQR=242.59506012146358",
CREATEORDER_V5_C2_F8_P20_C50_S7004,throughput,656.776965516682,"('group_b_ambiguous', 'F8', 'V5', 50);Q1=1042.9355697781366;Q3=1285.5306298996002;IQR=242.59506012146358",
CREATEORDER_V5_C2_F8_P20_C50_S7005,throughput,673.1164112663367,"('group_b_ambiguous', 'F8', 'V5', 50);Q1=1042.9355697781366;Q3=1285.5306298996002;IQR=242.59506012146358",
CREATEORDER_V5_C2_F8_P20_C50_S7008,throughput,670.542496547412,"('group_b_ambiguous', 'F8', 'V5', 50);Q1=1042.9355697781366;Q3=1285.5306298996002;IQR=242.59506012146358",
CREATEORDER_V5_C2_F9_P10_C50_S7008,P95,29.936999999999998,"('group_b_ambiguous', 'F9', 'V5', 50);Q1=60.683;Q3=78.062;IQR=17.378999999999998",
CREATEORDER_V5_C2_F9_P1_C50_S7001,P95,30.052,"('group_b_ambiguous', 'F9', 'V5', 50);Q1=60.683;Q3=78.062;IQR=17.378999999999998",
CREATEORDER_V5_C2_F9_P1_C50_S7009,P95,18.57,"('group_b_ambiguous', 'F9', 'V5', 50);Q1=60.683;Q3=78.062;IQR=17.378999999999998",
CREATEORDER_V5_C2_F9_P20_C50_S7003,P95,110.451,"('group_b_ambiguous', 'F9', 'V5', 50);Q1=60.683;Q3=78.062;IQR=17.378999999999998",
CREATEORDER_V5_C2_F9_P20_C50_S7004,P95,105.714,"('group_b_ambiguous', 'F9', 'V5', 50);Q1=60.683;Q3=78.062;IQR=17.378999999999998",
CREATEORDER_V5_C2_F9_P20_C50_S7007,P95,31.118000000000002,"('group_b_ambiguous', 'F9', 'V5', 50);Q1=60.683;Q3=78.062;IQR=17.378999999999998",
CREATEORDER_V5_C2_F9_P10_C50_S7004,P99,130.518,"('group_b_ambiguous', 'F9', 'V5', 50);Q1=81.381;Q3=99.51599999999999;IQR=18.13499999999999",
CREATEORDER_V5_C2_F9_P10_C50_S7008,P99,44.662,"('group_b_ambiguous', 'F9', 'V5', 50);Q1=81.381;Q3=99.51599999999999;IQR=18.13499999999999",
CREATEORDER_V5_C2_F9_P1_C50_S7009,P99,23.052999999999997,"('group_b_ambiguous', 'F9', 'V5', 50);Q1=81.381;Q3=99.51599999999999;IQR=18.13499999999999",
CREATEORDER_V5_C2_F9_P20_C50_S7003,P99,136.06,"('group_b_ambiguous', 'F9', 'V5', 50);Q1=81.381;Q3=99.51599999999999;IQR=18.13499999999999",
CREATEORDER_V5_C2_F9_P20_C50_S7004,P99,128.906,"('group_b_ambiguous', 'F9', 'V5', 50);Q1=81.381;Q3=99.51599999999999;IQR=18.13499999999999",
CREATEORDER_V5_C2_F9_P20_C50_S7007,P99,42.774,"('group_b_ambiguous', 'F9', 'V5', 50);Q1=81.381;Q3=99.51599999999999;IQR=18.13499999999999",
