workload,failure_scenario,variant,metric,n,mean,median,std,Q1,Q3,IQR,min,max,CI_low,CI_high
charge_payment,F3,V0,DER,10,0.09977,0.09965,0.002138561302475204,0.098,0.1012,0.0031999999999999945,0.0965,0.1033,0.09844450597218328,0.10109549402781672
charge_payment,F3,V0,EOER,10,0.90023,0.90035,0.002138561302475192,0.8988,0.902,0.0031999999999999806,0.8967,0.9035,0.8989045059721833,0.9015554940278167
charge_payment,F3,V0,RSR,10,0.0,0.0,0.0,0.0,0.0,0.0,0.0,0.0,0.0,0.0
charge_payment,F3,V0,UAR,10,0.0,0.0,0.0,0.0,0.0,0.0,0.0,0.0,0.0,0.0
charge_payment,F3,V0,RAF,10,1.3990799999999997,1.3986,0.008554245209900871,1.392,1.4048,0.012800000000000145,1.386,1.4132,1.3937780238887327,1.4043819761112666
charge_payment,F3,V0,DAF,10,1.3990799999999997,1.3986,0.008554245209900871,1.392,1.4048,0.012800000000000145,1.386,1.4132,1.3937780238887327,1.4043819761112666
charge_payment,F3,V0,P95,10,52.8418,48.823,8.56449715459764,47.135999999999996,53.306,6.170000000000002,46.204,70.88,47.53346966757829,58.15013033242171
charge_payment,F3,V0,throughput,10,1018.5674268578363,1049.2999829311254,71.41159960790519,1009.2902354806172,1059.273122592153,49.982887111535774,869.6476486257785,1085.8520241116237,974.3060588589107,1062.828794856762
charge_payment,F3,V2,DER,10,0.0,0.0,0.0,0.0,0.0,0.0,0.0,0.0,0.0,0.0
charge_payment,F3,V2,EOER,10,1.0,1.0,0.0,1.0,1.0,0.0,1.0,1.0,1.0,1.0
charge_payment,F3,V2,RSR,10,0.0,0.0,0.0,0.0,0.0,0.0,0.0,0.0,0.0,0.0
charge_payment,F3,V2,UAR,10,0.09960999999999999,0.1,0.003258987572851423,0.0973,0.1027,0.005400000000000002,0.0938,0.1032,0.09759005857510668,0.1016299414248933
charge_payment,F3,V2,RAF,10,1.39844,1.4,0.013035950291405708,1.3892,1.4108,0.021600000000000064,1.3752,1.4128,1.3903602343004267,1.4065197656995732
charge_payment,F3,V2,DAF,10,1.0,1.0,0.0,1.0,1.0,0.0,1.0,1.0,1.0,1.0
charge_payment,F3,V2,P95,10,57.0437,56.771,9.311976780827296,52.157,60.022000000000006,7.865000000000009,42.232,73.715,51.27207699538071,62.815323004619295
charge_payment,F3,V2,throughput,10,928.7662665663211,951.855922841884,67.0892811617285,917.7326129297096,970.3191986919546,52.58658576224502,799.926856053392,991.8570512661648,887.1838992956411,970.348633837001
charge_payment,F3,V4,DER,10,0.0,0.0,0.0,0.0,0.0,0.0,0.0,0.0,0.0,0.0
charge_payment,F3,V4,EOER,10,1.0,1.0,0.0,1.0,1.0,0.0,1.0,1.0,1.0,1.0
charge_payment,F3,V4,RSR,10,0.0,0.0,0.0,0.0,0.0,0.0,0.0,0.0,0.0,0.0
charge_payment,F3,V4,UAR,10,0.10010000000000001,0.10005,0.002840578970718626,0.0983,0.1016,0.0032999999999999974,0.0948,0.105,0.09833939091347468,0.10186060908652533
charge_payment,F3,V4,RAF,10,1.4003999999999999,1.4002,0.011362315882874511,1.3932,1.4064,0.0132000000000001,1.3792,1.42,1.3933575636538986,1.4074424363461011
charge_payment,F3,V4,DAF,10,1.0,1.0,0.0,1.0,1.0,0.0,1.0,1.0,1.0,1.0
charge_payment,F3,V4,P95,10,58.04639999999999,47.6485,23.339523322753045,40.373,75.291,34.918,38.837999999999994,100.472,43.580413572305915,72.51238642769407
charge_payment,F3,V4,throughput,10,920.696300811949,977.4454943501657,133.61247733743406,811.9030058771981,1022.8249499305681,210.92194405337,660.1410405420143,1049.0145930013339,837.8824293799803,1003.5101722439176
charge_payment,F3,V5,DER,10,0.0,0.0,0.0,0.0,0.0,0.0,0.0,0.0,0.0,0.0
charge_payment,F3,V5,EOER,10,1.0,1.0,0.0,1.0,1.0,0.0,1.0,1.0,1.0,1.0
charge_payment,F3,V5,RSR,10,0.09857,0.0984,0.0033038866001524115,0.096,0.1011,0.005099999999999993,0.0933,0.103,0.09652222986967124,0.10061777013032877
charge_payment,F3,V5,UAR,10,0.0,0.0,0.0,0.0,0.0,0.0,0.0,0.0,0.0,0.0
charge_payment,F3,V5,RAF,10,1.09857,1.0983999999999998,0.00330388660015242,1.096,1.1011,0.005099999999999882,1.0933,1.103,1.0965222298696713,1.1006177701303288
charge_payment,F3,V5,DAF,10,1.0,1.0,0.0,1.0,1.0,0.0,1.0,1.0,1.0,1.0
charge_payment,F3,V5,P95,10,73.9956,69.709,15.801206586840129,65.811,71.25800000000001,5.447000000000003,56.311,104.60499999999999,64.20191069171908,83.78928930828091
charge_payment,F3,V5,throughput,10,1199.9992655037959,1257.016648761814,155.7449172307681,1199.2644815558542,1287.5456667236515,88.28118516779728,887.4110402646587,1350.1868910797486,1103.4675657048442,1296.5309653027475
charge_payment,F8,V0,DER,10,0.09899000000000001,0.099,0.003490447281112011,0.0975,0.1019,0.004400000000000001,0.0914,0.1036,0.09682659836163304,0.10115340163836697
charge_payment,F8,V0,EOER,10,0.90101,0.901,0.003490447281112006,0.8981,0.9025,0.0043999999999999595,0.8964,0.9086,0.898846598361633,0.9031734016383669
charge_payment,F8,V0,RSR,10,0.0,0.0,0.0,0.0,0.0,0.0,0.0,0.0,0.0,0.0
charge_payment,F8,V0,UAR,10,0.0,0.0,0.0,0.0,0.0,0.0,0.0,0.0,0.0,0.0
charge_payment,F8,V0,RAF,10,1.39596,1.396,0.013961789124448072,1.39,1.4076,0.01760000000000006,1.3656,1.4144,1.3873063934465322,1.404613606553468
charge_payment,F8,V0,DAF,10,1.39596,1.396,0.013961789124448072,1.39,1.4076,0.01760000000000006,1.3656,1.4144,1.3873063934465322,1.404613606553468
charge_payment,F8,V0,P95,10,49.039100000000005,50.565,8.473898911756422,40.520999999999994,56.552,16.031000000000006,37.373,58.678,43.7869230402582,54.29127695974181
charge_payment,F8,V0,throughput,10,1065.502908826508,1026.4405460219039,72.33009080796376,1007.9464351585839,1111.7726306135446,103.82619545496073,997.0324152298618,1204.988820760849,1020.6722540837931,1110.3335635692229
charge_payment,F8,V2,DER,10,0.0,0.0,0.0,0.0,0.0,0.0,0.0,0.0,0.0,0.0
charge_payment,F8,V2,EOER,10,1.0,1.0,0.0,1.0,1.0,0.0,1.0,1.0,1.0,1.0
charge_payment,F8,V2,RSR,10,0.0,0.0,0.0,0.0,0.0,0.0,0.0,0.0,0.0,0.0
charge_payment,F8,V2,UAR,10,0.09767,0.09709999999999999,0.0027137714633984115,0.0964,0.0978,0.0013999999999999985,0.094,0.1032,0.09598798702079259,0.09935201297920743
charge_payment,F8,V2,RAF,10,1.3906800000000001,1.3883999999999999,0.010855085853593679,1.3856,1.3912,0.005600000000000049,1.376,1.4128,1.3839519480831703,1.39740805191683
charge_payment,F8,V2,DAF,10,1.0,1.0,0.0,1.0,1.0,0.0,1.0,1.0,1.0,1.0
charge_payment,F8,V2,P95,10,20.212600000000002,19.915,1.1734734007305925,19.339,20.44,1.1010000000000026,19.22,22.453,19.485273650893298,20.939926349106706
charge_payment,F8,V2,throughput,10,721.6191524890321,724.2050674515875,18.372832940425525,718.4995513985872,731.1872607611972,12.687709362610008,688.2047208472161,750.3698219625271,710.2315526533755,733.0067523246887
charge_payment,F8,V4,DER,10,0.0,0.0,0.0,0.0,0.0,0.0,0.0,0.0,0.0,0.0
charge_payment,F8,V4,EOER,10,1.0,1.0,0.0,1.0,1.0,0.0,1.0,1.0,1.0,1.0
charge_payment,F8,V4,RSR,10,0.0,0.0,0.0,0.0,0.0,0.0,0.0,0.0,0.0,0.0
charge_payment,F8,V4,UAR,10,0.10078000000000001,0.10200000000000001,0.003103689560650177,0.0994,0.1025,0.0030999999999999917,0.093,0.1032,0.0988563132802986,0.10270368671970141
charge_payment,F8,V4,RAF,10,1.4031200000000001,1.408,0.012414758242600675,1.3976,1.41,0.012399999999999967,1.372,1.4128,1.3954252531211946,1.4108147468788057
charge_payment,F8,V4,DAF,10,1.0,1.0,0.0,1.0,1.0,0.0,1.0,1.0,1.0,1.0
charge_payment,F8,V4,P95,10,20.5674,19.9215,1.3223869159801738,19.582,22.083,2.5009999999999977,19.267,22.924,19.747776097909398,21.3870239020906
charge_payment,F8,V4,throughput,10,700.0794536830601,692.8939018443735,20.233418832850614,688.8521644485286,704.1999645944384,15.347800145909787,679.7979172430173,749.8816974832476,687.5386507637252,712.6202566023951
charge_payment,F8,V5,DER,10,0.0,0.0,0.0,0.0,0.0,0.0,0.0,0.0,0.0,0.0
charge_payment,F8,V5,EOER,10,1.0,1.0,0.0,1.0,1.0,0.0,1.0,1.0,1.0,1.0
charge_payment,F8,V5,RSR,10,0.09955,0.1005,0.002808024216419796,0.0982,0.101,0.002800000000000011,0.0943,0.1031,0.09780956855923596,0.10129043144076404
charge_payment,F8,V5,UAR,10,0.0,0.0,0.0,0.0,0.0,0.0,0.0,0.0,0.0,0.0
charge_payment,F8,V5,RAF,10,1.1991,1.201,0.005616048432839548,1.1964,1.202,0.005600000000000049,1.1886,1.2062,1.195619137118472,1.2025808628815282
charge_payment,F8,V5,DAF,10,1.0,1.0,0.0,1.0,1.0,0.0,1.0,1.0,1.0,1.0
charge_payment,F8,V5,P95,10,27.7401,25.939,4.075341497619829,24.219,31.447,7.227999999999998,23.442999999999998,34.53,25.214177170405858,30.266022829594146
charge_payment,F8,V5,throughput,10,1051.355721464924,1072.691025337746,44.252021482345484,1017.2420458480494,1086.5611172624044,69.319071414355,978.0976344462044,1098.9502301235168,1023.9280343905452,1078.7834085393029
create_order,F3,V0,DER,80,0.08995625000000002,0.0742,0.0717192801854317,0.0469,0.195,0.1481,0.0088,0.2078,0.07424006979238608,0.10567243020761395
create_order,F3,V0,EOER,80,0.9100437499999998,0.9258,0.0717192801854317,0.8937,0.9884,0.0946999999999999,0.7922,0.9912,0.8943275697923859,0.9257599302076137
create_order,F3,V0,RSR,80,0.0,0.0,0.0,0.0,0.0,0.0,0.0,0.0,0.0,0.0
create_order,F3,V0,UAR,80,0.0,0.0,0.0,0.0,0.0,0.0,0.0,0.0,0.0,0.0
create_order,F3,V0,RAF,80,1.359825,1.2968000000000002,0.2868771207417268,1.1876,1.78,0.5924,1.0352,1.8312,1.2969602791695443,1.4226897208304559
create_order,F3,V0,DAF,80,1.359825,1.2968000000000002,0.2868771207417268,1.1876,1.78,0.5924,1.0352,1.8312,1.2969602791695443,1.4226897208304559
create_order,F3,V0,P95,80,31.545000000000005,32.801,13.458916093247007,27.836999999999996,40.846,13.009,8.064,76.196,28.595684973779317,34.49431502622069
create_order,F3,V0,throughput,80,793.2913153879474,781.7727102473041,479.59502445245596,381.4414067980009,1124.4187171210447,742.9773103230438,121.58542524027824,1676.2950058981803,688.1954219060036,898.3872088698912
create_order,F3,V2,DER,110,0.0,0.0,0.0,0.0,0.0,0.0,0.0,0.0,0.0,0.0
create_order,F3,V2,EOER,110,1.0,1.0,0.0,1.0,1.0,0.0,1.0,1.0,1.0,1.0
create_order,F3,V2,RSR,110,0.0,0.0,0.0,0.0,0.0,0.0,0.0,0.0,0.0,0.0
create_order,F3,V2,UAR,110,0.09320363636363638,0.09855,0.06119104228872325,0.0502,0.1034,0.053200000000000004,0.0087,0.2076,0.08176833591826482,0.10463893680900793
create_order,F3,V2,RAF,110,1.3728145454545457,1.3942,0.244764169154893,1.2008,1.4136,0.21279999999999988,1.0348,1.8304,1.3270733436730595,1.418555747236032
create_order,F3,V2,DAF,110,1.0,1.0,0.0,1.0,1.0,0.0,1.0,1.0,1.0,1.0
create_order,F3,V2,P95,110,42.5407090909091,39.232,25.91537303756331,22.564,53.447,30.883000000000003,9.631,129.482,37.69767871008764,47.38373947173056
create_order,F3,V2,throughput,110,752.026343558129,831.1513685777262,356.5875053844485,420.6967308154931,998.2668924671251,577.570161651632,124.86572102673266,1447.3246517631787,685.3877457075384,818.6649414087196
create_order,F3,V4,DER,110,0.0,0.0,0.0,0.0,0.0,0.0,0.0,0.0,0.0,0.0
create_order,F3,V4,EOER,110,1.0,1.0,0.0,1.0,1.0,0.0,1.0,1.0,1.0,1.0
create_order,F3,V4,RSR,110,0.0,0.0,0.0,0.0,0.0,0.0,0.0,0.0,0.0,0.0
create_order,F3,V4,UAR,110,0.09273181818181817,0.09855,0.06134434756613899,0.0491,0.1026,0.0535,0.0085,0.2067,0.08126786825048365,0.10419576811315268
create_order,F3,V4,RAF,110,1.370927272727273,1.3942,0.24537739026455596,1.1964,1.4104,0.2140000000000002,1.034,1.8268,1.3250714730019348,1.4167830724526111
create_order,F3,V4,DAF,110,1.0,1.0,0.0,1.0,1.0,0.0,1.0,1.0,1.0,1.0
create_order,F3,V4,P95,110,43.30362727272728,40.7815,26.75795672896832,23.408,56.759,33.351,9.983,145.594,38.30313597440545,48.304118571049116
create_order,F3,V4,throughput,110,748.0524732466209,833.3368400466563,354.43491873281255,417.93738972456526,995.2605634185486,577.3231736939833,124.41031220412239,1447.7820716404813,681.8161479211494,814.2887985720924
create_order,F3,V5,DER,110,0.0,0.0,0.0,0.0,0.0,0.0,0.0,0.0,0.0,0.0
create_order,F3,V5,EOER,110,1.0,1.0,0.0,1.0,1.0,0.0,1.0,1.0,1.0,1.0
create_order,F3,V5,RSR,110,0.07474272727272728,0.051449999999999996,0.0706709151587446,0.0095,0.1023,0.09280000000000001,0.0,0.2078,0.061535840817411286,0.08794961372804327
create_order,F3,V5,UAR,110,0.018302727272727273,0.0,0.03904532172305727,0.0,0.0,0.0,0.0,0.1143,0.011005989577320574,0.02559946496813397
create_order,F3,V5,RAF,110,1.1479536363636367,1.1015,0.13543486716328362,1.0484,1.2012,0.15280000000000005,1.0078,1.4572,1.1226437488561878,1.1732635238710856
create_order,F3,V5,DAF,110,1.0,1.0,0.0,1.0,1.0,0.0,1.0,1.0,1.0,1.0
create_order,F3,V5,P95,110,68.68799999999999,62.8815,60.30216466149773,18.355,83.569,65.214,11.102,258.343,57.418811821167914,79.95718817883207
create_order,F3,V5,throughput,110,1015.8733540465798,994.2379882843784,178.4454671160468,895.9958191601334,1152.1413208499418,256.1455016898085,615.8640152172287,1457.1698504018184,982.5257029319212,1049.2210051612385
create_order,F8,V0,DER,80,0.08962125000000001,0.07555,0.07121925975775821,0.0454,0.1841,0.13870000000000002,0.0087,0.2134,0.07401464159969488,0.10522785840030514
create_order,F8,V0,EOER,80,0.9103787499999998,0.92445,0.07121925975775821,0.8964,0.9881,0.0917,0.7866,0.9913,0.8947721415996946,0.9259853584003049
create_order,F8,V0,RSR,80,0.0,0.0,0.0,0.0,0.0,0.0,0.0,0.0,0.0,0.0
create_order,F8,V0,UAR,80,0.0,0.0,0.0,0.0,0.0,0.0,0.0,0.0,0.0,0.0
create_order,F8,V0,RAF,80,1.358485,1.3022,0.28487703903103284,1.1816,1.7364,0.5548,1.0348,1.8536,1.2960585663987794,1.4209114336012205
create_order,F8,V0,DAF,80,1.358485,1.3022,0.28487703903103284,1.1816,1.7364,0.5548,1.0348,1.8536,1.2960585663987794,1.4209114336012205
create_order,F8,V0,P95,80,31.86446250000001,35.486999999999995,13.089961226450152,26.467,41.864,15.396999999999998,7.793,51.93299999999999,28.99599827373246,34.73292672626756
create_order,F8,V0,throughput,80,824.4811255434967,810.9990076136057,519.5271990734013,368.1505707803007,1226.3442934564275,858.1937226761268,119.20855090478942,1689.1164471169086,710.6347084812539,938.3275426057394
create_order,F8,V2,DER,110,0.0,0.0,0.0,0.0,0.0,0.0,0.0,0.0,0.0,0.0
create_order,F8,V2,EOER,110,1.0,1.0,0.0,1.0,1.0,0.0,1.0,1.0,1.0,1.0
create_order,F8,V2,RSR,110,0.0,0.0,0.0,0.0,0.0,0.0,0.0,0.0,0.0,0.0
create_order,F8,V2,UAR,110,0.09273636363636363,0.0988,0.061062937493044006,0.0497,0.1029,0.053200000000000004,0.0076,0.2081,0.08132500324450798,0.10414772402821929
create_order,F8,V2,RAF,110,1.3709463636363637,1.3952,0.24425339777801475,1.1988,1.4116,0.21279999999999988,1.0304,1.8324,1.3253006141291817,1.4165921131435457
create_order,F8,V2,DAF,110,1.0,1.0,0.0,1.0,1.0,0.0,1.0,1.0,1.0,1.0
create_order,F8,V2,P95,110,25.83673636363637,22.2255,10.602715385867501,19.75,30.275,10.524999999999999,9.192,80.117,23.85531504052708,27.818157686745657
create_order,F8,V2,throughput,110,605.5742372416436,688.61420413021,362.81559147947326,251.9294602028295,722.7344704898525,470.805010287023,3.5346496767651447,1345.142231746077,537.7717429605884,673.3767315226987
create_order,F8,V4,DER,110,0.0,0.0,0.0,0.0,0.0,0.0,0.0,0.0,0.0,0.0
create_order,F8,V4,EOER,110,1.0,1.0,0.0,1.0,1.0,0.0,1.0,1.0,1.0,1.0
create_order,F8,V4,RSR,110,0.0,0.0,0.0,0.0,0.0,0.0,0.0,0.0,0.0,0.0
create_order,F8,V4,UAR,110,0.09277000000000002,0.09805,0.061093209806030564,0.0498,0.1033,0.053500000000000006,0.0076,0.2067,0.08135298235863153,0.1041870176413685
create_order,F8,V4,RAF,110,1.3710800000000005,1.3921999999999999,0.24437283922412228,1.1992,1.4132,0.21399999999999997,1.0304,1.8268,1.3254119294345266,1.4167480705654745
create_order,F8,V4,DAF,110,1.0,1.0,0.0,1.0,1.0,0.0,1.0,1.0,1.0,1.0
create_order,F8,V4,P95,110,26.50780909090908,23.5115,9.931047758775131,20.648,31.047,10.399000000000001,9.771,61.714,24.65190811894842,28.363710062869743
create_order,F8,V4,throughput,110,602.236312416774,677.2647066044065,358.73234057165024,245.3421004624843,715.3249409434957,469.9828404810114,69.6899530624499,1354.393213334956,535.1968906244089,669.2757342091392
create_order,F8,V5,DER,110,0.0,0.0,0.0,0.0,0.0,0.0,0.0,0.0,0.0,0.0
create_order,F8,V5,EOER,110,1.0,1.0,0.0,1.0,1.0,0.0,1.0,1.0,1.0,1.0
create_order,F8,V5,RSR,110,0.07440272727272729,0.051449999999999996,0.07035186852769286,0.0096,0.1015,0.09190000000000001,0.0,0.2108,0.0612554638266901,0.08754999071876447
create_order,F8,V5,UAR,110,0.018065454545454548,0.0,0.038517098398731284,0.0,0.0,0.0,0.0,0.1054,0.010867430521036156,0.02526347856987294
create_order,F8,V5,RAF,110,1.2210663636363641,1.1992,0.14775353037727768,1.1002,1.394,0.29379999999999984,1.017,1.4216,1.1934543807621996,1.2486783465105287
create_order,F8,V5,DAF,110,1.0,1.0,0.0,1.0,1.0,0.0,1.0,1.0,1.0,1.0
create_order,F8,V5,P95,110,33.47214545454546,26.6195,20.046032799230456,17.487000000000002,46.689,29.201999999999998,10.821,93.31099999999999,29.72596955652162,37.218321352569305
create_order,F8,V5,throughput,110,788.5053507732994,860.3708578139322,376.794707353719,426.2760480480528,1049.7691413618434,623.4930933137905,125.93110127257034,1397.1040339037984,718.090457944947,858.9202436016517
reserve_inventory,F3,V0,DER,10,0.09933999999999998,0.0991,0.002569565462615551,0.0986,0.1009,0.0023000000000000104,0.0938,0.1031,0.09774736682608118,0.10093263317391879
reserve_inventory,F3,V0,EOER,10,0.90066,0.9009,0.0025695654626155537,0.8991,0.9014,0.0022999999999999687,0.8969,0.9062,0.8990673668260812,0.9022526331739188
reserve_inventory,F3,V0,RSR,10,0.0,0.0,0.0,0.0,0.0,0.0,0.0,0.0,0.0,0.0
reserve_inventory,F3,V0,UAR,10,0.0,0.0,0.0,0.0,0.0,0.0,0.0,0.0,0.0,0.0
reserve_inventory,F3,V0,RAF,10,1.39736,1.3964,0.010278261850462203,1.3944,1.4036,0.009199999999999875,1.3752,1.4124,1.3909894673043248,1.403730532695675
reserve_inventory,F3,V0,DAF,10,1.39736,1.3964,0.010278261850462203,1.3944,1.4036,0.009199999999999875,1.3752,1.4124,1.3909894673043248,1.403730532695675
reserve_inventory,F3,V0,P95,10,58.5243,56.5905,9.061197689415382,50.882999999999996,61.455,10.572000000000003,48.694,73.455,52.90811148658891,64.14048851341109
reserve_inventory,F3,V0,throughput,10,984.4030419489794,1012.9463455236873,71.48568643983768,976.8087158930932,1028.0519452634617,51.243229370368454,835.8033311183692,1042.2590243920138,940.0957544558813,1028.7103294420774
reserve_inventory,F3,V2,DER,10,0.0,0.0,0.0,0.0,0.0,0.0,0.0,0.0,0.0,0.0
reserve_inventory,F3,V2,EOER,10,0.99954,1.0,0.0014546477236774698,1.0,1.0,0.0,0.9954,1.0,0.9986383999999999,1.0004416
reserve_inventory,F3,V2,RSR,10,0.0,0.0,0.0,0.0,0.0,0.0,0.0,0.0,0.0,0.0
reserve_inventory,F3,V2,UAR,10,0.10052000000000001,0.10005,0.0033937196898585096,0.0992,0.1014,0.0022000000000000075,0.0956,0.1087,0.09841655074381785,0.10262344925618218
reserve_inventory,F3,V2,RAF,10,1.41294,1.4028,0.029811563751895608,1.398,1.4072,0.009200000000000097,1.392,1.491,1.3944626013548083,1.431417398645192
reserve_inventory,F3,V2,DAF,10,0.99954,1.0,0.0014546477236774698,1.0,1.0,0.0,0.9954,1.0,0.9986383999999999,1.0004416
reserve_inventory,F3,V2,P95,10,63.17100000000001,59.417500000000004,10.835861274285286,54.429,74.73,20.301000000000002,52.088,83.076,56.454863600874226,69.8871363991258
reserve_inventory,F3,V2,throughput,10,880.2742850860626,896.7653494057557,69.71214792872877,794.2091391167804,933.0478571030217,138.83871798624125,771.5595010362227,971.1176193348516,837.0662481507376,923.4823220213876
reserve_inventory,F3,V4,DER,10,0.0,0.0,0.0,0.0,0.0,0.0,0.0,0.0,0.0,0.0
reserve_inventory,F3,V4,EOER,10,1.0,1.0,0.0,1.0,1.0,0.0,1.0,1.0,1.0,1.0
reserve_inventory,F3,V4,RSR,10,0.0,0.0,0.0,0.0,0.0,0.0,0.0,0.0,0.0,0.0
reserve_inventory,F3,V4,UAR,10,0.09941,0.099,0.0024419709707984316,0.0977,0.1018,0.004100000000000006,0.0957,0.1024,0.09789645071144383,0.10092354928855617
reserve_inventory,F3,V4,RAF,10,1.39764,1.396,0.009767883883193692,1.3908,1.4072,0.01639999999999997,1.3828,1.4096,1.3915858028457753,1.4036941971542247
reserve_inventory,F3,V4,DAF,10,1.0,1.0,0.0,1.0,1.0,0.0,1.0,1.0,1.0,1.0
reserve_inventory,F3,V4,P95,10,56.8759,54.6425,14.183845493690665,44.525000000000006,59.016,14.490999999999993,42.638999999999996,83.161,48.08466148296433,65.66713851703568
reserve_inventory,F3,V4,throughput,10,919.2753422073278,927.1495512030299,84.13463930736789,917.7659476095592,979.4654789947788,61.69953138521953,764.8122165611054,1007.2600075579851,867.1281525030371,971.4225319116184
reserve_inventory,F3,V5,DER,10,0.0,0.0,0.0,0.0,0.0,0.0,0.0,0.0,0.0,0.0
reserve_inventory,F3,V5,EOER,10,1.0,1.0,0.0,1.0,1.0,0.0,1.0,1.0,1.0,1.0
reserve_inventory,F3,V5,RSR,10,0.09824999999999999,0.09820000000000001,0.0019091883092036768,0.0965,0.0993,0.002799999999999997,0.096,0.1021,0.0970666728263071,0.09943332717369288
reserve_inventory,F3,V5,UAR,10,0.0,0.0,0.0,0.0,0.0,0.0,0.0,0.0,0.0,0.0
reserve_inventory,F3,V5,RAF,10,1.09825,1.0982,0.0019091883092036792,1.0965,1.0993,0.0027999999999999137,1.096,1.1021,1.097066672826307,1.099433327173693
reserve_inventory,F3,V5,DAF,10,1.0,1.0,0.0,1.0,1.0,0.0,1.0,1.0,1.0,1.0
reserve_inventory,F3,V5,P95,10,72.44770000000001,69.979,19.018073649674523,59.735,75.352,15.617000000000004,44.59,104.455,60.66017582940669,84.23522417059333
reserve_inventory,F3,V5,throughput,10,1145.0110527752909,1191.097959845396,125.1546106220187,1173.9391412930117,1211.246180331608,37.30703903859626,909.2256454064119,1254.365512604443,1067.4394214448228,1222.582684105759
reserve_inventory,F8,V0,DER,10,0.09852000000000001,0.09805,0.0024045327566447876,0.0968,0.1003,0.003500000000000003,0.0955,0.1022,0.09702965515698175,0.10001034484301827
reserve_inventory,F8,V0,EOER,10,0.9014800000000001,0.90195,0.0024045327566447716,0.8997,0.9032,0.0034999999999999476,0.8978,0.9045,0.8999896551569818,0.9029703448430183
reserve_inventory,F8,V0,RSR,10,0.0,0.0,0.0,0.0,0.0,0.0,0.0,0.0,0.0,0.0
reserve_inventory,F8,V0,UAR,10,0.0,0.0,0.0,0.0,0.0,0.0,0.0,0.0,0.0,0.0
reserve_inventory,F8,V0,RAF,10,1.39408,1.3921999999999999,0.009618131026579161,1.3872,1.4012,0.014000000000000012,1.382,1.4088,1.388118620627927,1.400041379372073
reserve_inventory,F8,V0,DAF,10,1.39408,1.3921999999999999,0.009618131026579161,1.3872,1.4012,0.014000000000000012,1.382,1.4088,1.388118620627927,1.400041379372073
reserve_inventory,F8,V0,P95,10,56.8338,60.963499999999996,11.042233608589642,46.451,64.602,18.151000000000003,40.509,70.5,49.98975270287451,63.67784729712548
reserve_inventory,F8,V0,throughput,10,1017.4220489787889,995.5302350433478,54.51972100211417,974.3576436684829,1055.6274594758663,81.26981580738345,962.8812092727785,1116.9557518918832,983.6303758091236,1051.2137221484543
reserve_inventory,F8,V2,DER,10,0.0,0.0,0.0,0.0,0.0,0.0,0.0,0.0,0.0,0.0
reserve_inventory,F8,V2,EOER,10,0.9982099999999999,1.0,0.005660477011701408,1.0,1.0,0.0,0.9821,1.0,0.9947016,1.0017184
reserve_inventory,F8,V2,RSR,10,0.0,0.0,0.0,0.0,0.0,0.0,0.0,0.0,0.0,0.0
reserve_inventory,F8,V2,UAR,10,0.09731,0.09935,0.008980033407510241,0.0982,0.1015,0.0033000000000000113,0.0724,0.1041,0.09174411762970146,0.10287588237029853
reserve_inventory,F8,V2,RAF,10,1.42466,1.4,0.07741605058958308,1.3952,1.4076,0.012399999999999967,1.3888,1.6438,1.376677034725691,1.4726429652743092
reserve_inventory,F8,V2,DAF,10,0.9982099999999999,1.0,0.005660477011701408,1.0,1.0,0.0,0.9821,1.0,0.9947016,1.0017184
reserve_inventory,F8,V2,P95,10,25.064600000000002,21.6855,9.675799148161122,20.881,24.291,3.41,20.762,52.32299999999999,19.067477555860798,31.061722444139207
reserve_inventory,F8,V2,throughput,10,687.1105404675341,695.7188768461886,32.06407219581573,681.4008736017774,705.3378484015948,23.936974799817335,602.784920299688,716.6134285741622,667.2370226245587,706.9840583105095
reserve_inventory,F8,V4,DER,10,0.0,0.0,0.0,0.0,0.0,0.0,0.0,0.0,0.0,0.0
reserve_inventory,F8,V4,EOER,10,1.0,1.0,0.0,1.0,1.0,0.0,1.0,1.0,1.0,1.0
reserve_inventory,F8,V4,RSR,10,0.0,0.0,0.0,0.0,0.0,0.0,0.0,0.0,0.0,0.0
reserve_inventory,F8,V4,UAR,10,0.09972,0.0983,0.0028259904851613035,0.0977,0.1015,0.0038000000000000117,0.097,0.1056,0.0979684329505015,0.1014715670494985
reserve_inventory,F8,V4,RAF,10,1.3988800000000001,1.3932,0.011303961940645257,1.3908,1.406,0.01519999999999988,1.388,1.4224,1.391873731802006,1.4058862681979942
reserve_inventory,F8,V4,DAF,10,1.0,1.0,0.0,1.0,1.0,0.0,1.0,1.0,1.0,1.0
reserve_inventory,F8,V4,P95,10,22.412,21.999499999999998,1.3883838726295312,21.422,22.945,1.5229999999999997,20.848,25.24,21.55147076038573,23.27252923961427
reserve_inventory,F8,V4,throughput,10,695.2357465239872,698.8054013291069,15.342203491262888,687.889905181397,705.0343164111923,17.14441122979531,658.7512824811795,710.2861505678871,685.7265502817844,704.7449427661901
reserve_inventory,F8,V5,DER,10,0.0,0.0,0.0,0.0,0.0,0.0,0.0,0.0,0.0,0.0
reserve_inventory,F8,V5,EOER,10,1.0,1.0,0.0,1.0,1.0,0.0,1.0,1.0,1.0,1.0
reserve_inventory,F8,V5,RSR,10,0.10072,0.1001,0.004294906544061492,0.0979,0.1046,0.006699999999999998,0.0949,0.1072,0.09805798934470786,0.10338201065529215
reserve_inventory,F8,V5,UAR,10,0.0,0.0,0.0,0.0,0.0,0.0,0.0,0.0,0.0,0.0
reserve_inventory,F8,V5,RAF,10,1.20144,1.2002000000000002,0.008589813088122974,1.1958,1.2092,0.013400000000000079,1.1898,1.2144,1.1961159786894158,1.2067640213105844
reserve_inventory,F8,V5,DAF,10,1.0,1.0,0.0,1.0,1.0,0.0,1.0,1.0,1.0,1.0
reserve_inventory,F8,V5,P95,10,29.639799999999997,28.4615,3.913841613782777,26.308999999999997,34.33,8.021,25.101,35.507,27.213975835462282,32.06562416453772
reserve_inventory,F8,V5,throughput,10,1021.7999151788086,1023.2638197121876,29.578452536942592,989.6536776996717,1042.3333094596496,52.67963175997795,986.1625604774317,1075.5808504171139,1003.4670003615435,1040.1328299960737
send_notification,F3,V0,DER,10,0.10018,0.0996,0.003771177240302792,0.0988,0.1035,0.004699999999999996,0.0928,0.1055,0.09784260013024919,0.10251739986975082
send_notification,F3,V0,EOER,10,0.8998199999999998,0.9004,0.003771177240302805,0.8965,0.9012,0.0047000000000000375,0.8945,0.9072,0.897482600130249,0.9021573998697506
send_notification,F3,V0,RSR,10,0.0,0.0,0.0,0.0,0.0,0.0,0.0,0.0,0.0,0.0
send_notification,F3,V0,UAR,10,0.0,0.0,0.0,0.0,0.0,0.0,0.0,0.0,0.0,0.0
send_notification,F3,V0,RAF,10,1.4007200000000002,1.3984,0.015084708961211168,1.3952,1.414,0.018799999999999928,1.3712,1.422,1.391370400520997,1.4100695994790033
send_notification,F3,V0,DAF,10,1.4007200000000002,1.3984,0.015084708961211168,1.3952,1.414,0.018799999999999928,1.3712,1.422,1.391370400520997,1.4100695994790033
send_notification,F3,V0,P95,10,60.422000000000004,58.72,9.574761360530667,52.384,63.437,11.052999999999997,49.48800000000001,80.726,54.4875014254375,66.35649857456251
send_notification,F3,V0,throughput,10,975.2469194371067,1006.0937065338321,74.09297675398501,974.2880465937025,1019.6795311934046,45.39148459970215,813.6673480879291,1032.2847148936098,929.3236166648644,1021.170222209349
send_notification,F3,V2,DER,10,0.0,0.0,0.0,0.0,0.0,0.0,0.0,0.0,0.0,0.0
send_notification,F3,V2,EOER,10,0.99932,1.0,0.002150348808914507,1.0,1.0,0.0,0.9932,1.0,0.9979872,1.0006528
send_notification,F3,V2,RSR,10,0.0,0.0,0.0,0.0,0.0,0.0,0.0,0.0,0.0,0.0
send_notification,F3,V2,UAR,10,0.10003999999999999,0.0993,0.003954519215052853,0.0963,0.1038,0.007500000000000007,0.0946,0.1063,0.09758896359698821,0.10249103640301177
send_notification,F3,V2,RAF,10,1.41168,1.4042,0.03381034687126937,1.3944,1.4168,0.022399999999999975,1.3784,1.4984,1.3907241298996624,1.4326358701003377
send_notification,F3,V2,DAF,10,0.99932,1.0,0.002150348808914507,1.0,1.0,0.0,0.9932,1.0,0.9979872,1.0006528
send_notification,F3,V2,P95,10,69.7949,64.042,15.327576060087834,60.462,81.359,20.89699999999999,51.92700000000001,99.082,60.294769933567906,79.29503006643209
send_notification,F3,V2,throughput,10,862.0454709263973,892.7849401950815,89.58976970216918,772.350571952831,934.7150216113225,162.36444965849148,712.9216868775401,966.2234470506347,806.5171563738727,917.573785478922
send_notification,F3,V4,DER,10,0.0,0.0,0.0,0.0,0.0,0.0,0.0,0.0,0.0,0.0
send_notification,F3,V4,EOER,10,1.0,1.0,0.0,1.0,1.0,0.0,1.0,1.0,1.0,1.0
send_notification,F3,V4,RSR,10,0.0,0.0,0.0,0.0,0.0,0.0,0.0,0.0,0.0,0.0
send_notification,F3,V4,UAR,10,0.09985000000000001,0.10055,0.003450040257414075,0.0997,0.1015,0.00180000000000001,0.0936,0.1037,0.0977116428943904,0.10198835710560962
send_notification,F3,V4,RAF,10,1.3994,1.4022000000000001,0.013800161029656281,1.3988,1.406,0.007199999999999873,1.3744,1.4148,1.3908465715775615,1.4079534284224384
send_notification,F3,V4,DAF,10,1.0,1.0,0.0,1.0,1.0,0.0,1.0,1.0,1.0,1.0
send_notification,F3,V4,P95,10,66.7064,59.0095,21.867896607685985,53.31699999999999,83.74199999999999,30.424999999999997,43.785,110.77699999999999,53.152537260197974,80.26026273980203
send_notification,F3,V4,throughput,10,884.3362163812228,931.9720845320887,102.16815810047243,786.4435508896537,952.2591528254948,165.81560193584107,705.4887571761752,988.0406512746556,821.0117359286545,947.6606968337911
send_notification,F3,V5,DER,10,0.0,0.0,0.0,0.0,0.0,0.0,0.0,0.0,0.0,0.0
send_notification,F3,V5,EOER,10,1.0,1.0,0.0,1.0,1.0,0.0,1.0,1.0,1.0,1.0
send_notification,F3,V5,RSR,10,0.09774,0.09795000000000001,0.0026953457828057773,0.0967,0.0993,0.002600000000000005,0.0931,0.1027,0.09606940737594243,0.09941059262405756
send_notification,F3,V5,UAR,10,0.0,0.0,0.0,0.0,0.0,0.0,0.0,0.0,0.0,0.0
send_notification,F3,V5,RAF,10,1.09774,1.09795,0.0026953457828057933,1.0967,1.0993,0.0025999999999999357,1.0931,1.1027,1.0960694073759423,1.0994105926240576
send_notification,F3,V5,DAF,10,1.0,1.0,0.0,1.0,1.0,0.0,1.0,1.0,1.0,1.0
send_notification,F3,V5,P95,10,80.6393,76.3285,20.03265993349638,66.988,104.42699999999999,37.43899999999999,50.698,110.429,68.22292873563663,93.05567126436338
send_notification,F3,V5,throughput,10,1090.6224192745265,1161.6726034827425,175.4152443398233,907.5035322782794,1220.9507058397123,313.4471735614329,810.0356333838961,1261.024672742116,981.8989244224815,1199.3459141265714
send_notification,F8,V0,DER,10,0.09914999999999999,0.09815,0.003455189333934296,0.097,0.102,0.0049999999999999906,0.0944,0.1051,0.0970084514636989,0.10129154853630108
send_notification,F8,V0,EOER,10,0.9008500000000002,0.90185,0.003455189333934286,0.898,0.903,0.0050000000000000044,0.8949,0.9056,0.898708451463699,0.9029915485363013
send_notification,F8,V0,RSR,10,0.0,0.0,0.0,0.0,0.0,0.0,0.0,0.0,0.0,0.0
send_notification,F8,V0,UAR,10,0.0,0.0,0.0,0.0,0.0,0.0,0.0,0.0,0.0,0.0
send_notification,F8,V0,RAF,10,1.3965999999999998,1.3925999999999998,0.013820757335737226,1.388,1.408,0.020000000000000018,1.3776,1.4204,1.3880338058547954,1.4051661941452043
send_notification,F8,V0,DAF,10,1.3965999999999998,1.3925999999999998,0.013820757335737226,1.388,1.408,0.020000000000000018,1.3776,1.4204,1.3880338058547954,1.4051661941452043
send_notification,F8,V0,P95,10,58.2111,64.4805,11.384876356621335,47.986999999999995,67.603,19.616,39.996,69.851,51.15468052740073,65.26751947259928
send_notification,F8,V0,throughput,10,1015.0709319658936,1004.6530694723674,65.91093027705213,955.970471268856,1078.6768829217629,122.70641165290681,937.0372680565209,1117.4816209044395,974.2189141401902,1055.922949791597
send_notification,F8,V2,DER,10,0.0,0.0,0.0,0.0,0.0,0.0,0.0,0.0,0.0,0.0
send_notification,F8,V2,EOER,10,1.0,1.0,0.0,1.0,1.0,0.0,1.0,1.0,1.0,1.0
send_notification,F8,V2,RSR,10,0.0,0.0,0.0,0.0,0.0,0.0,0.0,0.0,0.0,0.0
send_notification,F8,V2,UAR,10,0.10028000000000001,0.09970000000000001,0.00377353356359203,0.0988,0.1029,0.004100000000000006,0.0929,0.1071,0.09794113966594364,0.10261886033405637
send_notification,F8,V2,RAF,10,1.40112,1.3988,0.015094134254368112,1.3952,1.4116,0.01639999999999997,1.3716,1.4284,1.3917645586637746,1.4104754413362253
send_notification,F8,V2,DAF,10,1.0,1.0,0.0,1.0,1.0,0.0,1.0,1.0,1.0,1.0
send_notification,F8,V2,P95,10,23.0658,21.317999999999998,4.464403551054348,20.622,24.638,4.016000000000002,19.216,33.869,20.298734011366793,25.832865988633205
send_notification,F8,V2,throughput,10,695.4007365126089,694.8384959162165,33.51466506286268,676.1594572803062,717.5538695231247,41.394412242818476,625.3897779114682,747.8645059026197,674.6281318958108,716.1733411294069
send_notification,F8,V4,DER,10,0.0,0.0,0.0,0.0,0.0,0.0,0.0,0.0,0.0,0.0
send_notification,F8,V4,EOER,10,1.0,1.0,0.0,1.0,1.0,0.0,1.0,1.0,1.0,1.0
send_notification,F8,V4,RSR,10,0.0,0.0,0.0,0.0,0.0,0.0,0.0,0.0,0.0,0.0
send_notification,F8,V4,UAR,10,0.10045,0.1005,0.0026887626232980195,0.0988,0.1025,0.003699999999999995,0.0965,0.1044,0.0987834876604784,0.1021165123395216
send_notification,F8,V4,RAF,10,1.4018000000000002,1.4020000000000001,0.010755050493192064,1.3952,1.41,0.014799999999999924,1.386,1.4176,1.3951339506419138,1.4084660493580865
send_notification,F8,V4,DAF,10,1.0,1.0,0.0,1.0,1.0,0.0,1.0,1.0,1.0,1.0
send_notification,F8,V4,P95,10,24.725099999999998,22.082500000000003,8.846588425300832,21.622,23.155,1.5330000000000013,19.196,49.461999999999996,19.241927686577533,30.208272313422462
send_notification,F8,V4,throughput,10,687.3382827798375,694.4070745839952,38.54083364256228,679.1677918514872,706.385193636143,27.21740178465575,589.4916409285217,724.932020512188,663.450426602338,711.2261389573371
send_notification,F8,V5,DER,10,0.0,0.0,0.0,0.0,0.0,0.0,0.0,0.0,0.0,0.0
send_notification,F8,V5,EOER,10,1.0,1.0,0.0,1.0,1.0,0.0,1.0,1.0,1.0,1.0
send_notification,F8,V5,RSR,10,0.10068999999999999,0.1007,0.0017304142086024743,0.0993,0.102,0.002699999999999994,0.0984,0.1036,0.09961747816183848,0.1017625218381615
send_notification,F8,V5,UAR,10,0.0,0.0,0.0,0.0,0.0,0.0,0.0,0.0,0.0,0.0
send_notification,F8,V5,RAF,10,1.20138,1.2014,0.0034608284172049316,1.1986,1.204,0.005399999999999849,1.1968,1.2072,1.1992349563236768,1.203525043676323
send_notification,F8,V5,DAF,10,1.0,1.0,0.0,1.0,1.0,0.0,1.0,1.0,1.0,1.0
send_notification,F8,V5,P95,10,44.830400000000004,30.479,43.153378379913676,27.334,35.855,8.520999999999997,25.182,166.56400000000002,18.083658975327552,71.57714102467246
send_notification,F8,V5,throughput,10,955.8785953033191,1009.8762107182888,181.13289793968022,973.1052191084339,1053.1638185554868,80.05859944705298,453.7911480787168,1056.2902461108847,843.611262034782,1068.1459285718563
