group,workload,failure_scenario,variant,downstream_capability,failure_probability,concurrency,fanout,runs,logical_operations,zero_effects,exactly_one_effect,more_than_one_effect,unresolved_UNKNOWN,reconciled,replayed
group_f_generalization,charge_payment,F3,V2,C1,0.1,50,0,10,100000,0,100000,0,9961,0,0
group_f_generalization,charge_payment,F8,V2,C1,0.1,50,0,10,100000,0,100000,0,9767,0,0
group_f_generalization,charge_payment,F3,V4,C1,0.1,50,0,10,100000,0,100000,0,10010,0,0
group_f_generalization,charge_payment,F8,V4,C1,0.1,50,0,10,100000,0,100000,0,10078,0,0
group_f_generalization,charge_payment,F3,V5,C2,0.1,50,0,10,100000,0,100000,0,0,9857,9857
group_f_generalization,charge_payment,F8,V5,C2,0.1,50,0,10,100000,0,100000,0,0,9955,9955
group_d_capability,create_order,F3,V2,C0,0.1,50,0,10,100000,0,100000,0,9869,0,0
group_d_capability,create_order,F8,V2,C0,0.1,50,0,10,100000,0,100000,0,9939,0,0
group_c_duplicates,create_order,F11,V2,C1,0.0,50,10,10,100000,0,100000,0,0,0,100000
group_c_duplicates,create_order,F11,V2,C1,0.0,50,2,10,100000,0,100000,0,0,0,100000
group_c_duplicates,create_order,F11,V2,C1,0.0,50,5,10,100000,0,100000,0,0,0,100000
group_e_safe_controls,create_order,F1,V2,C1,0.1,50,0,10,100000,18922,81078,0,0,0,0
group_e_safe_controls,create_order,F2,V2,C1,0.1,50,0,10,100000,9936,90064,0,0,0,0
group_b_ambiguous,create_order,F3,V2,C1,0.1,10,0,10,100000,0,100000,0,9977,0,0
group_d_capability,create_order,F3,V2,C1,0.1,50,0,10,100000,0,100000,0,9950,0,0
group_b_ambiguous,create_order,F3,V2,C1,0.1,50,0,10,100000,0,100000,0,10259,0,0
group_b_ambiguous,create_order,F3,V2,C1,0.01,10,0,10,100000,0,100000,0,1036,0,0
group_b_ambiguous,create_order,F3,V2,C1,0.01,50,0,10,100000,0,100000,0,1005,0,0
group_b_ambiguous,create_order,F3,V2,C1,0.2,10,0,10,100000,0,100000,0,19946,0,0
group_b_ambiguous,create_order,F3,V2,C1,0.2,50,0,10,100000,0,100000,0,20204,0,0
group_b_ambiguous,create_order,F3,V2,C1,0.05,10,0,10,100000,0,100000,0,5150,0,0
group_b_ambiguous,create_order,F3,V2,C1,0.05,50,0,10,100000,0,100000,0,5063,0,0
group_b_ambiguous,create_order,F4,V2,C1,0.1,10,0,10,100000,0,100000,0,0,0,10156
group_b_ambiguous,create_order,F4,V2,C1,0.1,50,0,10,100000,0,100000,0,0,0,10067
group_b_ambiguous,create_order,F4,V2,C1,0.01,10,0,10,100000,0,100000,0,0,0,1015
group_b_ambiguous,create_order,F4,V2,C1,0.01,50,0,10,100000,0,100000,0,0,0,1009
group_b_ambiguous,create_order,F4,V2,C1,0.2,10,0,10,100000,0,100000,0,0,0,20087
group_b_ambiguous,create_order,F4,V2,C1,0.2,50,0,10,100000,0,100000,0,0,0,20004
group_b_ambiguous,create_order,F4,V2,C1,0.05,10,0,10,100000,0,100000,0,0,0,5002
group_b_ambiguous,create_order,F4,V2,C1,0.05,50,0,10,100000,0,100000,0,0,0,4872
group_c_duplicates,create_order,F5,V2,C1,0.0,50,10,10,100000,0,100000,0,0,0,100000
group_c_duplicates,create_order,F5,V2,C1,0.0,50,2,10,100000,0,100000,0,0,0,100000
group_c_duplicates,create_order,F5,V2,C1,0.0,50,5,10,100000,0,100000,0,0,0,100000
group_c_duplicates,create_order,F6,V2,C1,0.0,50,10,10,100000,187,99813,0,0,0,99093
group_c_duplicates,create_order,F6,V2,C1,0.0,50,2,10,100000,0,100000,0,0,0,25341
group_c_duplicates,create_order,F6,V2,C1,0.0,50,5,10,100000,54,99946,0,0,0,84239
group_e_safe_controls,create_order,F7,V2,C1,0.1,50,0,10,100000,9970,90030,0,0,0,0
group_b_ambiguous,create_order,F8,V2,C1,0.1,10,0,10,100000,0,100000,0,10019,0,0
group_d_capability,create_order,F8,V2,C1,0.1,50,0,10,100000,0,100000,0,10101,0,0
group_b_ambiguous,create_order,F8,V2,C1,0.1,50,0,10,100000,0,100000,0,10132,0,0
group_b_ambiguous,create_order,F8,V2,C1,0.01,10,0,10,100000,0,100000,0,951,0,0
group_b_ambiguous,create_order,F8,V2,C1,0.01,50,0,10,100000,0,100000,0,907,0,0
group_b_ambiguous,create_order,F8,V2,C1,0.2,10,0,10,100000,0,100000,0,19909,0,0
group_b_ambiguous,create_order,F8,V2,C1,0.2,50,0,10,100000,0,100000,0,19980,0,0
group_b_ambiguous,create_order,F8,V2,C1,0.05,10,0,10,100000,0,100000,0,5021,0,0
group_b_ambiguous,create_order,F8,V2,C1,0.05,50,0,10,100000,0,100000,0,5060,0,0
group_b_ambiguous,create_order,F9,V2,C1,0.1,10,0,10,100000,0,100000,0,0,0,9934
group_b_ambiguous,create_order,F9,V2,C1,0.1,50,0,10,100000,0,100000,0,0,0,10103
group_b_ambiguous,create_order,F9,V2,C1,0.01,10,0,10,100000,0,100000,0,0,0,1010
group_b_ambiguous,create_order,F9,V2,C1,0.01,50,0,10,100000,0,100000,0,0,0,1014
group_b_ambiguous,create_order,F9,V2,C1,0.2,10,0,10,100000,0,100000,0,0,0,20113
group_b_ambiguous,create_order,F9,V2,C1,0.2,50,0,10,100000,0,100000,0,0,0,19950
group_b_ambiguous,create_order,F9,V2,C1,0.05,10,0,10,100000,0,100000,0,0,0,4957
group_b_ambiguous,create_order,F9,V2,C1,0.05,50,0,10,100000,0,100000,0,0,0,5104
group_d_capability,create_order,F3,V2,C2,0.1,50,0,10,100000,0,100000,0,10065,0,0
group_d_capability,create_order,F8,V2,C2,0.1,50,0,10,100000,0,100000,0,9991,0,0
group_c_duplicates,create_order,F11,V3,C1,0.0,50,10,10,100000,0,100000,0,0,0,100000
group_c_duplicates,create_order,F11,V3,C1,0.0,50,2,10,100000,0,100000,0,0,0,100000
group_c_duplicates,create_order,F11,V3,C1,0.0,50,5,10,100000,0,100000,0,0,0,100000
group_e_safe_controls,create_order,F1,V3,C1,0.1,50,0,10,100000,10154,89846,0,0,0,0
group_e_safe_controls,create_order,F2,V3,C1,0.1,50,0,10,100000,0,100000,0,0,0,0
group_b_ambiguous,create_order,F3,V3,C1,0.1,10,0,10,100000,0,100000,0,0,0,0
group_d_capability,create_order,F3,V3,C1,0.1,50,0,10,100000,0,100000,0,0,0,0
group_b_ambiguous,create_order,F3,V3,C1,0.1,50,0,10,100000,0,100000,0,0,0,0
group_b_ambiguous,create_order,F3,V3,C1,0.01,10,0,10,100000,0,100000,0,0,0,0
group_b_ambiguous,create_order,F3,V3,C1,0.01,50,0,10,100000,0,100000,0,0,0,0
group_b_ambiguous,create_order,F3,V3,C1,0.2,10,0,10,100000,0,100000,0,0,0,0
group_b_ambiguous,create_order,F3,V3,C1,0.2,50,0,10,100000,0,100000,0,0,0,0
group_b_ambiguous,create_order,F3,V3,C1,0.05,10,0,10,100000,0,100000,0,0,0,0
group_b_ambiguous,create_order,F3,V3,C1,0.05,50,0,10,100000,0,100000,0,0,0,0
group_b_ambiguous,create_order,F4,V3,C1,0.1,10,0,10,100000,0,100000,0,0,0,0
group_b_ambiguous,create_order,F4,V3,C1,0.1,50,0,10,100000,0,100000,0,0,0,0
group_b_ambiguous,create_order,F4,V3,C1,0.01,10,0,10,100000,0,100000,0,0,0,0
group_b_ambiguous,create_order,F4,V3,C1,0.01,50,0,10,100000,0,100000,0,0,0,0
group_b_ambiguous,create_order,F4,V3,C1,0.2,10,0,10,100000,0,100000,0,0,0,0
group_b_ambiguous,create_order,F4,V3,C1,0.2,50,0,10,100000,0,100000,0,0,0,0
group_b_ambiguous,create_order,F4,V3,C1,0.05,10,0,10,100000,0,100000,0,0,0,0
group_b_ambiguous,create_order,F4,V3,C1,0.05,50,0,10,100000,0,100000,0,0,0,0
group_c_duplicates,create_order,F5,V3,C1,0.0,50,10,10,100000,0,100000,0,0,0,100000
group_c_duplicates,create_order,F5,V3,C1,0.0,50,2,10,100000,0,100000,0,0,0,100000
group_c_duplicates,create_order,F5,V3,C1,0.0,50,5,10,100000,0,100000,0,0,0,100000
group_c_duplicates,create_order,F6,V3,C1,0.0,50,10,10,100000,0,100000,0,0,0,99996
group_c_duplicates,create_order,F6,V3,C1,0.0,50,2,10,100000,0,100000,0,0,0,64386
group_c_duplicates,create_order,F6,V3,C1,0.0,50,5,10,100000,0,100000,0,0,0,97284
group_e_safe_controls,create_order,F7,V3,C1,0.1,50,0,10,100000,0,100000,0,0,0,0
group_b_ambiguous,create_order,F8,V3,C1,0.1,10,0,10,100000,0,100000,0,0,0,0
group_d_capability,create_order,F8,V3,C1,0.1,50,0,10,100000,0,100000,0,0,0,0
group_b_ambiguous,create_order,F8,V3,C1,0.1,50,0,10,100000,0,100000,0,0,0,0
group_b_ambiguous,create_order,F8,V3,C1,0.01,10,0,10,100000,0,100000,0,0,0,0
group_b_ambiguous,create_order,F8,V3,C1,0.01,50,0,10,100000,0,100000,0,0,0,0
group_b_ambiguous,create_order,F8,V3,C1,0.2,10,0,10,100000,0,100000,0,0,0,0
group_b_ambiguous,create_order,F8,V3,C1,0.2,50,0,10,100000,0,100000,0,0,0,0
group_b_ambiguous,create_order,F8,V3,C1,0.05,10,0,10,100000,0,100000,0,0,0,0
group_b_ambiguous,create_order,F8,V3,C1,0.05,50,0,10,100000,0,100000,0,0,0,0
group_b_ambiguous,create_order,F9,V3,C1,0.1,10,0,10,100000,0,100000,0,0,0,0
group_b_ambiguous,create_order,F9,V3,C1,0.1,50,0,10,100000,0,100000,0,0,0,0
group_b_ambiguous,create_order,F9,V3,C1,0.01,10,0,10,100000,0,100000,0,0,0,0
group_b_ambiguous,create_order,F9,V3,C1,0.01,50,0,10,100000,0,100000,0,0,0,0
group_b_ambiguous,create_order,F9,V3,C1,0.2,10,0,10,100000,0,100000,0,0,0,0
group_b_ambiguous,create_order,F9,V3,C1,0.2,50,0,10,100000,0,100000,0,0,0,0
group_b_ambiguous,create_order,F9,V3,C1,0.05,10,0,10,100000,0,100000,0,0,0,0
group_b_ambiguous,create_order,F9,V3,C1,0.05,50,0,10,100000,0,100000,0,0,0,0
group_d_capability,create_order,F3,V3,C2,0.1,50,0,10,100000,0,100000,0,0,0,0
group_d_capability,create_order,F8,V3,C2,0.1,50,0,10,100000,6,99994,0,0,0,0
group_d_capability,create_order,F3,V4,C0,0.1,50,0,10,100000,0,100000,0,9930,0,0
group_d_capability,create_order,F8,V4,C0,0.1,50,0,10,100000,0,100000,0,10022,0,0
group_c_duplicates,create_order,F11,V4,C1,0.0,50,10,10,100000,0,100000,0,0,0,100000
group_c_duplicates,create_order,F11,V4,C1,0.0,50,2,10,100000,0,100000,0,0,0,100000
group_c_duplicates,create_order,F11,V4,C1,0.0,50,5,10,100000,0,100000,0,0,0,100000
group_e_safe_controls,create_order,F1,V4,C1,0.1,50,0,10,100000,19224,80776,0,0,0,0
group_e_safe_controls,create_order,F2,V4,C1,0.1,50,0,10,100000,9932,90068,0,0,0,0
group_b_ambiguous,create_order,F3,V4,C1,0.1,10,0,10,100000,0,100000,0,10014,0,0
group_d_capability,create_order,F3,V4,C1,0.1,50,0,10,100000,0,100000,0,10152,0,0
group_b_ambiguous,create_order,F3,V4,C1,0.1,50,0,10,100000,0,100000,0,9949,0,0
group_b_ambiguous,create_order,F3,V4,C1,0.01,10,0,10,100000,0,100000,0,990,0,0
group_b_ambiguous,create_order,F3,V4,C1,0.01,50,0,10,100000,0,100000,0,1021,0,0
group_b_ambiguous,create_order,F3,V4,C1,0.2,10,0,10,100000,0,100000,0,20057,0,0
group_b_ambiguous,create_order,F3,V4,C1,0.2,50,0,10,100000,0,100000,0,20069,0,0
group_b_ambiguous,create_order,F3,V4,C1,0.05,10,0,10,100000,0,100000,0,5053,0,0
group_b_ambiguous,create_order,F3,V4,C1,0.05,50,0,10,100000,0,100000,0,4859,0,0
group_b_ambiguous,create_order,F4,V4,C1,0.1,10,0,10,100000,0,100000,0,0,0,10079
group_b_ambiguous,create_order,F4,V4,C1,0.1,50,0,10,100000,0,100000,0,0,0,10064
group_b_ambiguous,create_order,F4,V4,C1,0.01,10,0,10,100000,0,100000,0,0,0,1068
group_b_ambiguous,create_order,F4,V4,C1,0.01,50,0,10,100000,0,100000,0,0,0,969
group_b_ambiguous,create_order,F4,V4,C1,0.2,10,0,10,100000,0,100000,0,0,0,20425
group_b_ambiguous,create_order,F4,V4,C1,0.2,50,0,10,100000,0,100000,0,0,0,20081
group_b_ambiguous,create_order,F4,V4,C1,0.05,10,0,10,100000,0,100000,0,0,0,4921
group_b_ambiguous,create_order,F4,V4,C1,0.05,50,0,10,100000,0,100000,0,0,0,5020
group_c_duplicates,create_order,F5,V4,C1,0.0,50,10,10,100000,0,100000,0,0,0,100000
group_c_duplicates,create_order,F5,V4,C1,0.0,50,2,10,100000,0,100000,0,0,0,100000
group_c_duplicates,create_order,F5,V4,C1,0.0,50,5,10,100000,0,100000,0,0,0,100000
group_c_duplicates,create_order,F6,V4,C1,0.0,50,10,10,100000,344,99656,0,0,0,98591
group_c_duplicates,create_order,F6,V4,C1,0.0,50,2,10,100000,0,100000,0,0,0,23385
group_c_duplicates,create_order,F6,V4,C1,0.0,50,5,10,100000,31,99969,0,0,0,82023
group_e_safe_controls,create_order,F7,V4,C1,0.1,50,0,10,100000,9953,90047,0,0,0,0
group_b_ambiguous,create_order,F8,V4,C1,0.1,10,0,10,100000,0,100000,0,9954,0,0
group_d_capability,create_order,F8,V4,C1,0.1,50,0,10,100000,0,100000,0,10045,0,0
group_b_ambiguous,create_order,F8,V4,C1,0.1,50,0,10,100000,0,100000,0,10001,0,0
group_b_ambiguous,create_order,F8,V4,C1,0.01,10,0,10,100000,0,100000,0,994,0,0
group_b_ambiguous,create_order,F8,V4,C1,0.01,50,0,10,100000,0,100000,0,990,0,0
group_b_ambiguous,create_order,F8,V4,C1,0.2,10,0,10,100000,0,100000,0,20053,0,0
group_b_ambiguous,create_order,F8,V4,C1,0.2,50,0,10,100000,0,100000,0,19969,0,0
group_b_ambiguous,create_order,F8,V4,C1,0.05,10,0,10,100000,0,100000,0,5087,0,0
group_b_ambiguous,create_order,F8,V4,C1,0.05,50,0,10,100000,0,100000,0,5010,0,0
group_b_ambiguous,create_order,F9,V4,C1,0.1,10,0,10,100000,0,100000,0,0,0,9840
group_b_ambiguous,create_order,F9,V4,C1,0.1,50,0,10,100000,0,100000,0,0,0,9957
group_b_ambiguous,create_order,F9,V4,C1,0.01,10,0,10,100000,0,100000,0,0,0,1022
group_b_ambiguous,create_order,F9,V4,C1,0.01,50,0,10,100000,0,100000,0,0,0,995
group_b_ambiguous,create_order,F9,V4,C1,0.2,10,0,10,100000,0,100000,0,0,0,19942
group_b_ambiguous,create_order,F9,V4,C1,0.2,50,0,10,100000,0,100000,0,0,0,19947
group_b_ambiguous,create_order,F9,V4,C1,0.05,10,0,10,100000,0,100000,0,0,0,5046
group_b_ambiguous,create_order,F9,V4,C1,0.05,50,0,10,100000,0,100000,0,0,0,5033
group_d_capability,create_order,F3,V4,C2,0.1,50,0,10,100000,0,100000,0,9911,0,0
group_d_capability,create_order,F8,V4,C2,0.1,50,0,10,100000,0,100000,0,9922,0,0
group_d_capability,create_order,F3,V5,C0,0.1,50,0,10,100000,0,100000,0,10150,0,0
group_d_capability,create_order,F8,V5,C0,0.1,50,0,10,100000,0,100000,0,9884,0,0
group_d_capability,create_order,F3,V5,C1,0.1,50,0,10,100000,0,100000,0,9983,0,0
group_d_capability,create_order,F8,V5,C1,0.1,50,0,10,100000,0,100000,0,9988,0,0
group_c_duplicates,create_order,F11,V5,C2,0.0,50,10,10,100000,0,100000,0,0,0,100000
group_c_duplicates,create_order,F11,V5,C2,0.0,50,2,10,100000,0,100000,0,0,0,100000
group_c_duplicates,create_order,F11,V5,C2,0.0,50,5,10,100000,0,100000,0,0,0,100000
group_e_safe_controls,create_order,F1,V5,C2,0.1,50,0,10,100000,19046,80954,0,0,0,0
group_e_safe_controls,create_order,F2,V5,C2,0.1,50,0,10,100000,10061,89939,0,0,0,0
group_b_ambiguous,create_order,F3,V5,C2,0.1,10,0,10,100000,0,100000,0,0,10061,10061
group_d_capability,create_order,F3,V5,C2,0.1,50,0,10,100000,0,100000,0,0,10179,10179
group_b_ambiguous,create_order,F3,V5,C2,0.1,50,0,10,100000,0,100000,0,0,9977,9977
group_b_ambiguous,create_order,F3,V5,C2,0.01,10,0,10,100000,0,100000,0,0,973,973
group_b_ambiguous,create_order,F3,V5,C2,0.01,50,0,10,100000,0,100000,0,0,1041,1041
group_b_ambiguous,create_order,F3,V5,C2,0.2,10,0,10,100000,0,100000,0,0,19966,19966
group_b_ambiguous,create_order,F3,V5,C2,0.2,50,0,10,100000,0,100000,0,0,20097,20097
group_b_ambiguous,create_order,F3,V5,C2,0.05,10,0,10,100000,0,100000,0,0,4912,4912
group_b_ambiguous,create_order,F3,V5,C2,0.05,50,0,10,100000,0,100000,0,0,5011,5011
group_b_ambiguous,create_order,F4,V5,C2,0.1,10,0,10,100000,0,100000,0,0,0,9995
group_b_ambiguous,create_order,F4,V5,C2,0.1,50,0,10,100000,0,100000,0,0,0,9840
group_b_ambiguous,create_order,F4,V5,C2,0.01,10,0,10,100000,0,100000,0,0,0,990
group_b_ambiguous,create_order,F4,V5,C2,0.01,50,0,10,100000,0,100000,0,0,0,1011
group_b_ambiguous,create_order,F4,V5,C2,0.2,10,0,10,100000,0,100000,0,0,0,20023
group_b_ambiguous,create_order,F4,V5,C2,0.2,50,0,10,100000,0,100000,0,0,0,19992
group_b_ambiguous,create_order,F4,V5,C2,0.05,10,0,10,100000,0,100000,0,0,0,4916
group_b_ambiguous,create_order,F4,V5,C2,0.05,50,0,10,100000,0,100000,0,0,0,4970
group_c_duplicates,create_order,F5,V5,C2,0.0,50,10,10,100000,0,100000,0,0,0,100000
group_c_duplicates,create_order,F5,V5,C2,0.0,50,2,10,100000,0,100000,0,0,0,100000
group_c_duplicates,create_order,F5,V5,C2,0.0,50,5,10,100000,0,100000,0,0,0,100000
group_c_duplicates,create_order,F6,V5,C2,0.0,50,10,10,100000,24,99976,0,0,0,99471
group_c_duplicates,create_order,F6,V5,C2,0.0,50,2,10,100000,136,99864,0,0,0,23573
group_c_duplicates,create_order,F6,V5,C2,0.0,50,5,10,100000,42,99958,0,0,0,82530
group_e_safe_controls,create_order,F7,V5,C2,0.1,50,0,10,100000,10026,89974,0,0,0,0
group_b_ambiguous,create_order,F8,V5,C2,0.1,10,0,10,100000,0,100000,0,0,9913,9913
group_d_capability,create_order,F8,V5,C2,0.1,50,0,10,100000,0,100000,0,0,9882,9882
group_b_ambiguous,create_order,F8,V5,C2,0.1,50,0,10,100000,0,100000,0,0,10046,10046
group_b_ambiguous,create_order,F8,V5,C2,0.01,10,0,10,100000,0,100000,0,0,1048,1048
group_b_ambiguous,create_order,F8,V5,C2,0.01,50,0,10,100000,0,100000,0,0,999,999
group_b_ambiguous,create_order,F8,V5,C2,0.2,10,0,10,100000,0,100000,0,0,19939,19939
group_b_ambiguous,create_order,F8,V5,C2,0.2,50,0,10,100000,0,100000,0,0,20029,20029
group_b_ambiguous,create_order,F8,V5,C2,0.05,10,0,10,100000,0,100000,0,0,5073,5073
group_b_ambiguous,create_order,F8,V5,C2,0.05,50,0,10,100000,0,100000,0,0,4914,4914
group_b_ambiguous,create_order,F9,V5,C2,0.1,10,0,10,100000,0,100000,0,0,0,10079
group_b_ambiguous,create_order,F9,V5,C2,0.1,50,0,10,100000,0,100000,0,0,0,9942
group_b_ambiguous,create_order,F9,V5,C2,0.01,10,0,10,100000,0,100000,0,0,0,1030
group_b_ambiguous,create_order,F9,V5,C2,0.01,50,0,10,100000,0,100000,0,0,0,1013
group_b_ambiguous,create_order,F9,V5,C2,0.2,10,0,10,100000,0,100000,0,0,0,20029
group_b_ambiguous,create_order,F9,V5,C2,0.2,50,0,10,100000,0,100000,0,0,0,20177
group_b_ambiguous,create_order,F9,V5,C2,0.05,10,0,10,100000,0,100000,0,0,0,4932
group_b_ambiguous,create_order,F9,V5,C2,0.05,50,0,10,100000,0,100000,0,0,0,4979
group_f_generalization,reserve_inventory,F3,V2,C1,0.1,50,0,10,100000,46,99954,0,10052,0,0
group_f_generalization,reserve_inventory,F8,V2,C1,0.1,50,0,10,100000,179,99821,0,9731,0,0
group_f_generalization,reserve_inventory,F3,V4,C1,0.1,50,0,10,100000,0,100000,0,9941,0,0
group_f_generalization,reserve_inventory,F8,V4,C1,0.1,50,0,10,100000,0,100000,0,9972,0,0
group_f_generalization,reserve_inventory,F3,V5,C2,0.1,50,0,10,100000,0,100000,0,0,9825,9825
group_f_generalization,reserve_inventory,F8,V5,C2,0.1,50,0,10,100000,0,100000,0,0,10072,10072
group_f_generalization,send_notification,F3,V2,C1,0.1,50,0,10,100000,68,99932,0,10004,0,0
group_f_generalization,send_notification,F8,V2,C1,0.1,50,0,10,100000,0,100000,0,10028,0,0
group_f_generalization,send_notification,F3,V4,C1,0.1,50,0,10,100000,0,100000,0,9985,0,0
group_f_generalization,send_notification,F8,V4,C1,0.1,50,0,10,100000,0,100000,0,10045,0,0
group_f_generalization,send_notification,F3,V5,C2,0.1,50,0,10,100000,0,100000,0,0,9774,9774
group_f_generalization,send_notification,F8,V5,C2,0.1,50,0,10,100000,0,100000,0,0,10069,10069
