failure_scenario,variant,duplicate_fanout,metric,n,mean,median,std,Q1,Q3,IQR,min,max,CI_low,CI_high
F11,V0,10,DER,10,1.0,1.0,0.0,1.0,1.0,0.0,1.0,1.0,1.0,1.0
F11,V0,10,RAF,10,11.0,11.0,0.0,11.0,11.0,0.0,11.0,11.0,11.0,11.0
F11,V0,10,DAF,10,11.0,11.0,0.0,11.0,11.0,0.0,11.0,11.0,11.0,11.0
F11,V0,10,RRR,10,0.0,0.0,0.0,0.0,0.0,0.0,0.0,0.0,0.0,0.0
F11,V0,10,UAR,10,0.0,0.0,0.0,0.0,0.0,0.0,0.0,0.0,0.0,0.0
F11,V0,10,P95,10,194.99269999999999,192.994,4.346644505311612,192.139,197.583,5.443999999999988,191.238,203.71200000000002,192.29862182409525,197.68677817590472
F11,V0,10,P99,10,253.8583,243.519,29.069971154096468,240.817,253.13300000000004,12.316000000000031,234.12,333.15200000000004,235.84054520898167,271.87605479101836
F11,V0,10,throughput,10,73.90220855179248,74.39732672939904,2.6212189374800827,73.67630913320926,74.90732047347632,1.2310113402670595,69.30150335707162,77.70357399936815,72.27756022246538,75.52685688111958
F11,V0,2,DER,10,1.0,1.0,0.0,1.0,1.0,0.0,1.0,1.0,1.0,1.0
F11,V0,2,RAF,10,3.0,3.0,0.0,3.0,3.0,0.0,3.0,3.0,3.0,3.0
F11,V0,2,DAF,10,3.0,3.0,0.0,3.0,3.0,0.0,3.0,3.0,3.0,3.0
F11,V0,2,RRR,10,0.0,0.0,0.0,0.0,0.0,0.0,0.0,0.0,0.0,0.0
F11,V0,2,UAR,10,0.0,0.0,0.0,0.0,0.0,0.0,0.0,0.0,0.0,0.0
F11,V0,2,P95,10,54.2,54.7975,3.0041979887410135,53.171,55.522999999999996,2.3519999999999968,46.911,58.681,52.33797879544238,56.062021204557624
F11,V0,2,P99,10,67.3271,68.19200000000001,4.184136428888948,64.816,69.92699999999999,5.11099999999999,59.253,72.513,64.73374537339025,69.92045462660975
F11,V0,2,throughput,10,288.2600239850235,284.77864226741644,24.801577391367857,280.64964278144856,288.0501582457866,7.400515464338014,254.81260189183368,353.2154814325031,272.8878470571782,303.6322009128688
F11,V0,5,DER,10,1.0,1.0,0.0,1.0,1.0,0.0,1.0,1.0,1.0,1.0
F11,V0,5,RAF,10,6.0,6.0,0.0,6.0,6.0,0.0,6.0,6.0,6.0,6.0
F11,V0,5,DAF,10,6.0,6.0,0.0,6.0,6.0,0.0,6.0,6.0,6.0,6.0
F11,V0,5,RRR,10,0.0,0.0,0.0,0.0,0.0,0.0,0.0,0.0,0.0,0.0
F11,V0,5,UAR,10,0.0,0.0,0.0,0.0,0.0,0.0,0.0,0.0,0.0,0.0
F11,V0,5,P95,10,102.3893,102.11949999999999,1.9349981940847143,101.57900000000001,102.677,1.097999999999999,100.141,107.258,101.18997569392243,103.58862430607758
F11,V0,5,P99,10,125.40180000000002,125.096,4.056515658652002,123.43,126.37299999999999,2.9429999999999836,120.21699999999998,134.636,122.88754554628625,127.9160544537138
F11,V0,5,throughput,10,140.2880514085544,138.8373624044521,9.339195565275018,137.51679372611105,140.2894945865977,2.772700860486651,126.31113782773147,163.75318394675148,134.49955802655188,146.0765447905569
F11,V1,10,DER,10,0.0,0.0,0.0,0.0,0.0,0.0,0.0,0.0,0.0,0.0
F11,V1,10,RAF,10,11.0,11.0,0.0,11.0,11.0,0.0,11.0,11.0,11.0,11.0
F11,V1,10,DAF,10,11.0,11.0,0.0,11.0,11.0,0.0,11.0,11.0,11.0,11.0
F11,V1,10,RRR,10,1.0,1.0,0.0,1.0,1.0,0.0,1.0,1.0,1.0,1.0
F11,V1,10,UAR,10,0.0,0.0,0.0,0.0,0.0,0.0,0.0,0.0,0.0,0.0
F11,V1,10,P95,10,191.92220000000003,191.33050000000003,2.2930495851594705,189.868,193.558,3.6899999999999977,189.40499999999997,195.49800000000002,190.50095314254563,193.34344685745444
F11,V1,10,P99,10,245.55479999999997,242.73199999999997,11.20216285465544,238.41,250.64399999999998,12.23399999999998,232.73000000000002,271.234,238.61162752919438,252.49797247080556
F11,V1,10,throughput,10,74.52975636063162,75.15458123516169,2.2864540531913846,74.4341291061693,75.39945742535308,0.9653283191837829,70.48364991527241,78.41547782567838,73.11259745624355,75.9469152650197
F11,V1,2,DER,10,0.0,0.0,0.0,0.0,0.0,0.0,0.0,0.0,0.0,0.0
F11,V1,2,RAF,10,3.0,3.0,0.0,3.0,3.0,0.0,3.0,3.0,3.0,3.0
F11,V1,2,DAF,10,3.0,3.0,0.0,3.0,3.0,0.0,3.0,3.0,3.0,3.0
F11,V1,2,RRR,10,1.0,1.0,0.0,1.0,1.0,0.0,1.0,1.0,1.0,1.0
F11,V1,2,UAR,10,0.0,0.0,0.0,0.0,0.0,0.0,0.0,0.0,0.0,0.0
F11,V1,2,P95,10,46.9749,47.098,0.8754099293727731,46.16,47.711000000000006,1.551000000000009,45.813,48.343999999999994,46.43231530442356,47.517484695576435
F11,V1,2,P99,10,55.738699999999994,55.282,1.7628522374581241,54.650999999999996,57.392,2.7410000000000068,53.007999999999996,58.425,54.64607286325643,56.83132713674356
F11,V1,2,throughput,10,307.2458501858872,311.1870330788814,11.223281112612561,305.19658929620704,313.42755998644543,8.230970690238394,287.1250041184802,322.49891881500554,300.28958848319115,314.20211188858326
F11,V1,5,DER,10,0.0,0.0,0.0,0.0,0.0,0.0,0.0,0.0,0.0,0.0
F11,V1,5,RAF,10,6.0,6.0,0.0,6.0,6.0,0.0,6.0,6.0,6.0,6.0
F11,V1,5,DAF,10,6.0,6.0,0.0,6.0,6.0,0.0,6.0,6.0,6.0,6.0
F11,V1,5,RRR,10,1.0,1.0,0.0,1.0,1.0,0.0,1.0,1.0,1.0,1.0
F11,V1,5,UAR,10,0.0,0.0,0.0,0.0,0.0,0.0,0.0,0.0,0.0,0.0
F11,V1,5,P95,10,102.69919999999999,102.1385,1.8194659656063936,101.507,103.22999999999999,1.7229999999999848,100.76099999999998,106.637,101.57148331101112,103.82691668898886
F11,V1,5,P99,10,127.1031,126.184,6.232355314539331,123.228,127.999,4.771000000000001,121.61599999999999,143.188,123.24024615564572,130.9659538443543
F11,V1,5,throughput,10,136.44176646362337,136.31880569784568,4.589402349242968,134.84275025297902,137.62240681610584,2.779656563126821,129.1468868635769,146.74385944463,133.59722541720646,139.28630751004027
F11,V2,10,DER,10,0.0,0.0,0.0,0.0,0.0,0.0,0.0,0.0,0.0,0.0
F11,V2,10,RAF,10,11.0,11.0,0.0,11.0,11.0,0.0,11.0,11.0,11.0,11.0
F11,V2,10,DAF,10,1.0,1.0,0.0,1.0,1.0,0.0,1.0,1.0,1.0,1.0
F11,V2,10,RRR,10,1.0,1.0,0.0,1.0,1.0,0.0,1.0,1.0,1.0,1.0
F11,V2,10,UAR,10,0.0,0.0,0.0,0.0,0.0,0.0,0.0,0.0,0.0,0.0
F11,V2,10,P95,10,175.6293,173.85500000000002,4.458322206839695,172.707,176.21900000000002,3.512000000000029,172.50799999999998,186.878,172.86600326756172,178.39259673243828
F11,V2,10,P99,10,230.5384,225.11599999999999,18.546290771412412,221.28900000000002,230.272,8.982999999999976,217.989,281.68699999999995,219.0432898868568,242.0335101131432
F11,V2,10,throughput,10,77.18932832040937,77.64932065503278,2.4257672278153115,77.22115600271437,78.18215412008385,0.9609981173694848,72.23511467009115,81.10059350078178,75.68582221580475,78.692834425014
F11,V2,2,DER,10,0.0,0.0,0.0,0.0,0.0,0.0,0.0,0.0,0.0,0.0
F11,V2,2,RAF,10,3.0,3.0,0.0,3.0,3.0,0.0,3.0,3.0,3.0,3.0
F11,V2,2,DAF,10,1.0,1.0,0.0,1.0,1.0,0.0,1.0,1.0,1.0,1.0
F11,V2,2,RRR,10,1.0,1.0,0.0,1.0,1.0,0.0,1.0,1.0,1.0,1.0
F11,V2,2,UAR,10,0.0,0.0,0.0,0.0,0.0,0.0,0.0,0.0,0.0,0.0
F11,V2,2,P95,10,53.206999999999994,53.4015,1.6574330889795936,52.095,53.629,1.533999999999999,50.895,56.742,52.1797123284212,54.234287671578784
F11,V2,2,P99,10,63.98929999999999,63.519999999999996,1.5180414318749291,63.132999999999996,64.902,1.7690000000000055,61.90200000000001,66.534,63.04840817258329,64.9301918274167
F11,V2,2,throughput,10,269.0555710272418,269.1890419174409,12.494799894972486,264.3617072303056,275.35731143538726,10.995604205081634,241.55818083889864,289.27263694851047,261.31121381831724,276.79992823616635
F11,V2,5,DER,10,0.0,0.0,0.0,0.0,0.0,0.0,0.0,0.0,0.0,0.0
F11,V2,5,RAF,10,6.0,6.0,0.0,6.0,6.0,0.0,6.0,6.0,6.0,6.0
F11,V2,5,DAF,10,1.0,1.0,0.0,1.0,1.0,0.0,1.0,1.0,1.0,1.0
F11,V2,5,RRR,10,1.0,1.0,0.0,1.0,1.0,0.0,1.0,1.0,1.0,1.0
F11,V2,5,UAR,10,0.0,0.0,0.0,0.0,0.0,0.0,0.0,0.0,0.0,0.0
F11,V2,5,P95,10,97.1636,96.2345,2.14191950258537,95.915,98.983,3.067999999999998,94.848,101.753,95.83602453819069,98.49117546180932
F11,V2,5,P99,10,121.91979999999998,118.92699999999999,7.834766986537208,116.687,126.13,9.442999999999998,114.57000000000001,140.512,117.06376111162632,126.77583888837364
F11,V2,5,throughput,10,138.078298614629,139.25126668609457,5.2336112457898905,135.18617885776106,140.0788798004561,4.892700942695029,129.09894452179526,147.27060443021003,134.8344727574138,141.3221244718442
F11,V3,10,DER,10,0.0,0.0,0.0,0.0,0.0,0.0,0.0,0.0,0.0,0.0
F11,V3,10,RAF,10,11.0,11.0,0.0,11.0,11.0,0.0,11.0,11.0,11.0,11.0
F11,V3,10,DAF,10,11.0,11.0,0.0,11.0,11.0,0.0,11.0,11.0,11.0,11.0
F11,V3,10,RRR,10,1.0,1.0,0.0,1.0,1.0,0.0,1.0,1.0,1.0,1.0
F11,V3,10,UAR,10,0.0,0.0,0.0,0.0,0.0,0.0,0.0,0.0,0.0,0.0
F11,V3,10,P95,10,193.8529,192.394,3.272226168833688,192.308,197.029,4.721000000000004,189.778,200.179,191.82475320830667,195.88104679169334
F11,V3,10,P99,10,254.12999999999994,246.7115,15.523033946007086,245.46299999999997,263.38899999999995,17.925999999999988,241.055,289.69999999999993,244.5087238807632,263.7512761192367
F11,V3,10,throughput,10,73.98470525587065,74.80041390093709,1.6681321507924562,73.48991101771985,75.17299643584845,1.6830854181285986,70.28170503545374,75.39861950891354,72.95078623707737,75.01862427466394
F11,V3,2,DER,10,0.0,0.0,0.0,0.0,0.0,0.0,0.0,0.0,0.0,0.0
F11,V3,2,RAF,10,3.0,3.0,0.0,3.0,3.0,0.0,3.0,3.0,3.0,3.0
F11,V3,2,DAF,10,3.0,3.0,0.0,3.0,3.0,0.0,3.0,3.0,3.0,3.0
F11,V3,2,RRR,10,1.0,1.0,0.0,1.0,1.0,0.0,1.0,1.0,1.0,1.0
F11,V3,2,UAR,10,0.0,0.0,0.0,0.0,0.0,0.0,0.0,0.0,0.0,0.0
F11,V3,2,P95,10,47.7637,47.8695,0.9546196508441355,46.855000000000004,48.122,1.266999999999996,46.687,49.286,47.17202061041886,48.35537938958114
F11,V3,2,P99,10,56.8584,56.229,2.198428337598377,54.994,57.762,2.7680000000000007,54.864000000000004,61.287000000000006,55.49579999938419,58.22100000061582
F11,V3,2,throughput,10,300.81304725839965,304.84767765885726,12.794452040298827,286.9674385145841,306.04436571568533,19.076927201101228,282.7425969345158,322.9576725423763,292.8829637256176,308.74313079118167
F11,V3,5,DER,10,0.0,0.0,0.0,0.0,0.0,0.0,0.0,0.0,0.0,0.0
F11,V3,5,RAF,10,6.0,6.0,0.0,6.0,6.0,0.0,6.0,6.0,6.0,6.0
F11,V3,5,DAF,10,6.0,6.0,0.0,6.0,6.0,0.0,6.0,6.0,6.0,6.0
F11,V3,5,RRR,10,1.0,1.0,0.0,1.0,1.0,0.0,1.0,1.0,1.0,1.0
F11,V3,5,UAR,10,0.0,0.0,0.0,0.0,0.0,0.0,0.0,0.0,0.0,0.0
F11,V3,5,P95,10,103.82270000000001,103.24199999999999,1.793573407102894,102.646,104.993,2.346999999999994,101.457,106.96900000000001,102.71103168503791,104.93436831496211
F11,V3,5,P99,10,126.09870000000001,127.2565,4.463653362935395,121.80699999999999,130.44,8.63300000000001,118.88000000000001,131.29500000000002,123.33209898278018,128.86530101721985
F11,V3,5,throughput,10,134.5108768199074,136.4058434823313,5.132097403460193,128.84900674139277,137.0939615058971,8.244954764504342,126.83589437086067,142.40063295990575,131.3299698940284,137.69178374578638
F11,V4,10,DER,10,0.0,0.0,0.0,0.0,0.0,0.0,0.0,0.0,0.0,0.0
F11,V4,10,RAF,10,11.0,11.0,0.0,11.0,11.0,0.0,11.0,11.0,11.0,11.0
F11,V4,10,DAF,10,1.0,1.0,0.0,1.0,1.0,0.0,1.0,1.0,1.0,1.0
F11,V4,10,RRR,10,1.0,1.0,0.0,1.0,1.0,0.0,1.0,1.0,1.0,1.0
F11,V4,10,UAR,10,0.0,0.0,0.0,0.0,0.0,0.0,0.0,0.0,0.0,0.0
F11,V4,10,P95,10,175.33599999999998,173.84699999999998,3.8787909914760217,173.31900000000002,176.80100000000002,3.4819999999999993,170.617,183.32999999999998,172.93190043624182,177.74009956375815
F11,V4,10,P99,10,231.9393,226.7405,19.064915415204155,222.45200000000003,232.20799999999997,9.755999999999943,218.529,284.192,220.12274300234202,243.755856997658
F11,V4,10,throughput,10,77.76201672705994,78.06849943371788,2.827163697747172,76.92477227172189,78.43319942237257,1.5084271506506752,72.85203037405864,83.93088415244003,76.00972251286706,79.51431094125283
F11,V4,2,DER,10,0.0,0.0,0.0,0.0,0.0,0.0,0.0,0.0,0.0,0.0
F11,V4,2,RAF,10,3.0,3.0,0.0,3.0,3.0,0.0,3.0,3.0,3.0,3.0
F11,V4,2,DAF,10,1.0,1.0,0.0,1.0,1.0,0.0,1.0,1.0,1.0,1.0
F11,V4,2,RRR,10,1.0,1.0,0.0,1.0,1.0,0.0,1.0,1.0,1.0,1.0
F11,V4,2,UAR,10,0.0,0.0,0.0,0.0,0.0,0.0,0.0,0.0,0.0,0.0
F11,V4,2,P95,10,56.55500000000001,54.327,5.753775359612927,53.42,55.786,2.3659999999999997,52.82600000000001,71.589,52.98877308485908,60.12122691514093
F11,V4,2,P99,10,73.78850000000001,66.2175,16.452609392838976,64.551,75.146,10.594999999999999,62.983000000000004,113.759,63.59106704964759,83.98593295035244
F11,V4,2,throughput,10,262.0240669278262,265.24525857629584,15.973740197319984,262.33771672847524,269.12278094224723,6.785064213771989,230.90442893353327,285.35675741580735,252.12344017986374,271.92469367578866
F11,V4,5,DER,10,0.0,0.0,0.0,0.0,0.0,0.0,0.0,0.0,0.0,0.0
F11,V4,5,RAF,10,6.0,6.0,0.0,6.0,6.0,0.0,6.0,6.0,6.0,6.0
F11,V4,5,DAF,10,1.0,1.0,0.0,1.0,1.0,0.0,1.0,1.0,1.0,1.0
F11,V4,5,RRR,10,1.0,1.0,0.0,1.0,1.0,0.0,1.0,1.0,1.0,1.0
F11,V4,5,UAR,10,0.0,0.0,0.0,0.0,0.0,0.0,0.0,0.0,0.0,0.0
F11,V4,5,P95,10,96.84700000000001,96.247,2.3072485778519862,95.424,96.88499999999999,1.4609999999999843,94.505,101.84100000000001,95.41695251569747,98.27704748430254
F11,V4,5,P99,10,120.8558,118.029,8.947109586651747,115.523,122.38,6.856999999999999,114.93299999999999,145.007,115.31032402528636,126.40127597471364
F11,V4,5,throughput,10,138.45355819660813,139.7204963973048,6.548694401352782,138.47829113428543,140.55292414729874,2.0746330130133117,126.08050169981863,150.25659541119023,134.39463535490927,142.512481038307
F11,V5,10,DER,10,0.0,0.0,0.0,0.0,0.0,0.0,0.0,0.0,0.0,0.0
F11,V5,10,RAF,10,11.0,11.0,0.0,11.0,11.0,0.0,11.0,11.0,11.0,11.0
F11,V5,10,DAF,10,1.0,1.0,0.0,1.0,1.0,0.0,1.0,1.0,1.0,1.0
F11,V5,10,RRR,10,1.0,1.0,0.0,1.0,1.0,0.0,1.0,1.0,1.0,1.0
F11,V5,10,UAR,10,0.0,0.0,0.0,0.0,0.0,0.0,0.0,0.0,0.0,0.0
F11,V5,10,P95,10,175.7631,174.3075,3.2489863188385484,173.74900000000002,176.668,2.9189999999999827,173.43599999999998,184.10700000000003,173.74935741656586,177.77684258343416
F11,V5,10,P99,10,228.96030000000002,227.935,11.831987276024265,221.08200000000002,231.36400000000003,10.28200000000001,216.91400000000002,259.06600000000003,221.62675830847988,236.29384169152016
F11,V5,10,throughput,10,77.94998034950054,77.93563222368964,3.504141795643874,77.53777557867943,78.66812033965847,1.1303447609790425,72.57256490848683,86.11555912297155,75.77809076308885,80.12186993591222
F11,V5,2,DER,10,0.0,0.0,0.0,0.0,0.0,0.0,0.0,0.0,0.0,0.0
F11,V5,2,RAF,10,3.0,3.0,0.0,3.0,3.0,0.0,3.0,3.0,3.0,3.0
F11,V5,2,DAF,10,1.0,1.0,0.0,1.0,1.0,0.0,1.0,1.0,1.0,1.0
F11,V5,2,RRR,10,1.0,1.0,0.0,1.0,1.0,0.0,1.0,1.0,1.0,1.0
F11,V5,2,UAR,10,0.0,0.0,0.0,0.0,0.0,0.0,0.0,0.0,0.0,0.0
F11,V5,2,P95,10,48.1455,47.853,1.2753649804402398,47.416,48.685,1.2690000000000055,46.191,51.058,47.355020595503376,48.93597940449662
F11,V5,2,P99,10,58.4053,57.044,4.9974672707504775,55.866,59.141000000000005,3.2750000000000057,54.339,71.776,55.30783769488749,61.502762305112505
F11,V5,2,throughput,10,292.8102788270311,293.47569706000803,14.007305107569511,290.18346720310046,294.51805196341707,4.334584760316602,271.0409794403435,325.26251179223794,284.1284611749485,301.4920964791137
F11,V5,5,DER,10,0.0,0.0,0.0,0.0,0.0,0.0,0.0,0.0,0.0,0.0
F11,V5,5,RAF,10,6.0,6.0,0.0,6.0,6.0,0.0,6.0,6.0,6.0,6.0
F11,V5,5,DAF,10,1.0,1.0,0.0,1.0,1.0,0.0,1.0,1.0,1.0,1.0
F11,V5,5,RRR,10,1.0,1.0,0.0,1.0,1.0,0.0,1.0,1.0,1.0,1.0
F11,V5,5,UAR,10,0.0,0.0,0.0,0.0,0.0,0.0,0.0,0.0,0.0,0.0
F11,V5,5,P95,10,97.87569999999998,96.7755,2.249424472071811,96.189,99.024,2.835000000000008,96.15599999999999,101.82499999999999,96.4814922677713,99.26990773222866
F11,V5,5,P99,10,120.2114,117.7965,7.380283180354419,115.387,122.028,6.641000000000005,113.946,138.10000000000002,115.63705309311756,124.78574690688244
F11,V5,5,throughput,10,137.489108645876,137.57380078580002,7.584619012989988,137.3187420034573,138.45302874483892,1.1342867413816293,126.91840175209985,155.13115051539754,132.78811307780535,142.19010421394665
F5,V0,10,DER,10,1.0,1.0,0.0,1.0,1.0,0.0,1.0,1.0,1.0,1.0
F5,V0,10,RAF,10,2.0,2.0,0.0,2.0,2.0,0.0,2.0,2.0,2.0,2.0
F5,V0,10,DAF,10,2.0,2.0,0.0,2.0,2.0,0.0,2.0,2.0,2.0,2.0
F5,V0,10,RRR,10,0.0,0.0,0.0,0.0,0.0,0.0,0.0,0.0,0.0,0.0
F5,V0,10,UAR,10,0.0,0.0,0.0,0.0,0.0,0.0,0.0,0.0,0.0,0.0
F5,V0,10,P95,10,95.8031,90.55149999999999,27.286758626158264,81.53299999999999,96.409,14.876000000000019,57.052,149.489,78.89059178450621,112.71560821549379
F5,V0,10,P99,10,116.06739999999999,104.441,34.93143693071392,96.515,111.384,14.869,85.827,186.332,94.41667108185884,137.71812891814113
F5,V0,10,throughput,10,738.0967784085044,738.7862691935728,67.25820422476845,714.044263313628,764.1521645719441,50.10790125831613,619.9256137269547,877.8997555098712,696.409711538631,779.7838452783778
F5,V0,2,DER,10,1.0,1.0,0.0,1.0,1.0,0.0,1.0,1.0,1.0,1.0
F5,V0,2,RAF,10,2.0,2.0,0.0,2.0,2.0,0.0,2.0,2.0,2.0,2.0
F5,V0,2,DAF,10,2.0,2.0,0.0,2.0,2.0,0.0,2.0,2.0,2.0,2.0
F5,V0,2,RRR,10,0.0,0.0,0.0,0.0,0.0,0.0,0.0,0.0,0.0,0.0
F5,V0,2,UAR,10,0.0,0.0,0.0,0.0,0.0,0.0,0.0,0.0,0.0,0.0
F5,V0,2,P95,10,95.03470000000002,89.92699999999999,24.943865093222602,86.43299999999999,95.19200000000001,8.759000000000015,57.634,144.744,79.57433224085989,110.49506775914014
F5,V0,2,P99,10,114.28779999999999,103.24600000000001,30.898911907487395,99.911,110.382,10.471000000000004,81.07300000000001,177.003,95.1364559856826,133.43914401431738
F5,V0,2,throughput,10,738.0902707740863,738.6676357896415,46.28279932890749,722.7059028817421,779.3072757739754,56.60137289223337,628.9611634284363,788.9358358003817,709.4038945499857,766.776646998187
F5,V0,5,DER,10,1.0,1.0,0.0,1.0,1.0,0.0,1.0,1.0,1.0,1.0
F5,V0,5,RAF,10,2.0,2.0,0.0,2.0,2.0,0.0,2.0,2.0,2.0,2.0
F5,V0,5,DAF,10,2.0,2.0,0.0,2.0,2.0,0.0,2.0,2.0,2.0,2.0
F5,V0,5,RRR,10,0.0,0.0,0.0,0.0,0.0,0.0,0.0,0.0,0.0,0.0
F5,V0,5,UAR,10,0.0,0.0,0.0,0.0,0.0,0.0,0.0,0.0,0.0,0.0
F5,V0,5,P95,10,82.80839999999998,88.4305,16.963015960874674,86.142,90.67,4.528000000000006,38.056,94.28,72.29461378125787,93.32218621874209
F5,V0,5,P99,10,97.4693,102.0515,15.84934157798221,97.971,108.19200000000001,10.221000000000004,57.556,109.05799999999999,87.64577631511553,107.29282368488448
F5,V0,5,throughput,10,773.5775933642425,771.8241201767969,43.19255168431375,737.4641672721792,790.593277835471,53.12911056329176,716.635553485577,869.9400340741225,746.8065724739557,800.3486142545293
F5,V1,10,DER,10,0.0,0.0,0.0,0.0,0.0,0.0,0.0,0.0,0.0,0.0
F5,V1,10,RAF,10,2.0,2.0,0.0,2.0,2.0,0.0,2.0,2.0,2.0,2.0
F5,V1,10,DAF,10,2.0,2.0,0.0,2.0,2.0,0.0,2.0,2.0,2.0,2.0
F5,V1,10,RRR,10,1.0,1.0,0.0,1.0,1.0,0.0,1.0,1.0,1.0,1.0
F5,V1,10,UAR,10,0.0,0.0,0.0,0.0,0.0,0.0,0.0,0.0,0.0,0.0
F5,V1,10,P95,10,78.08339999999998,88.233,21.46970663878656,76.096,90.136,14.039999999999992,38.471,95.958,64.77633795985611,91.39046204014386
F5,V1,10,P99,10,93.4872,102.035,21.045955941964504,91.594,105.075,13.481000000000009,44.998000000000005,114.0,80.44278136281619,106.53161863718381
F5,V1,10,throughput,10,751.9672071891861,735.1877544018112,55.32512506334598,718.5299661469116,784.9850468754076,66.455080728496,670.7670152653844,860.304226979146,717.6763394105533,786.2580749678189
F5,V1,2,DER,10,0.0,0.0,0.0,0.0,0.0,0.0,0.0,0.0,0.0,0.0
F5,V1,2,RAF,10,2.0,2.0,0.0,2.0,2.0,0.0,2.0,2.0,2.0,2.0
F5,V1,2,DAF,10,2.0,2.0,0.0,2.0,2.0,0.0,2.0,2.0,2.0,2.0
F5,V1,2,RRR,10,1.0,1.0,0.0,1.0,1.0,0.0,1.0,1.0,1.0,1.0
F5,V1,2,UAR,10,0.0,0.0,0.0,0.0,0.0,0.0,0.0,0.0,0.0,0.0
F5,V1,2,P95,10,88.77340000000001,91.5675,9.188679595628043,81.386,95.31899999999999,13.932999999999993,72.61699999999999,100.777,83.07819738250689,94.46860261749313
F5,V1,2,P99,10,104.04339999999999,107.268,8.3938962771237,96.94200000000001,109.054,12.111999999999995,89.307,114.868,98.8408091869319,109.24599081306808
F5,V1,2,throughput,10,739.3130519376535,733.8945428078359,42.67072684669739,702.187878262907,758.5472027307745,56.35932446786751,689.5257306055147,821.0844047456961,712.8654614325637,765.7606424427433
F5,V1,5,DER,10,0.0,0.0,0.0,0.0,0.0,0.0,0.0,0.0,0.0,0.0
F5,V1,5,RAF,10,2.0,2.0,0.0,2.0,2.0,0.0,2.0,2.0,2.0,2.0
F5,V1,5,DAF,10,2.0,2.0,0.0,2.0,2.0,0.0,2.0,2.0,2.0,2.0
F5,V1,5,RRR,10,1.0,1.0,0.0,1.0,1.0,0.0,1.0,1.0,1.0,1.0
F5,V1,5,UAR,10,0.0,0.0,0.0,0.0,0.0,0.0,0.0,0.0,0.0,0.0
F5,V1,5,P95,10,93.2478,86.65350000000001,29.68851399971226,76.02199999999999,95.017,18.995000000000005,60.729,150.052,74.84666838136229,111.6489316186377
F5,V1,5,P99,10,114.3401,100.243,37.36707649329226,90.88499999999999,109.731,18.846000000000004,84.05000000000001,187.95,91.17974604077395,137.50045395922606
F5,V1,5,throughput,10,727.2388085463006,738.5375595861478,63.85796722519768,675.2183945394406,772.2098255381511,96.99143099871048,616.8965665487475,822.7651119363973,687.6592304030191,766.818386689582
F5,V2,10,DER,10,0.0,0.0,0.0,0.0,0.0,0.0,0.0,0.0,0.0,0.0
F5,V2,10,RAF,10,2.0,2.0,0.0,2.0,2.0,0.0,2.0,2.0,2.0,2.0
F5,V2,10,DAF,10,1.0,1.0,0.0,1.0,1.0,0.0,1.0,1.0,1.0,1.0
F5,V2,10,RRR,10,1.0,1.0,0.0,1.0,1.0,0.0,1.0,1.0,1.0,1.0
F5,V2,10,UAR,10,0.0,0.0,0.0,0.0,0.0,0.0,0.0,0.0,0.0,0.0
F5,V2,10,P95,10,103.9763,99.4905,28.649976955778985,95.695,106.491,10.796000000000006,47.833,149.383,86.21886031004664,121.73373968995335
F5,V2,10,P99,10,124.68300000000002,115.6775,33.142312180453956,109.43799999999999,122.012,12.574000000000012,78.815,184.52800000000002,104.14118209074314,145.2248179092569
F5,V2,10,throughput,10,654.7368142649907,668.0447570361353,64.71775472783864,650.2447783307387,691.6934234551907,41.448645124452014,538.201048766694,740.2071854578219,614.624334306539,694.8492942234424
F5,V2,2,DER,10,0.0,0.0,0.0,0.0,0.0,0.0,0.0,0.0,0.0,0.0
F5,V2,2,RAF,10,2.0,2.0,0.0,2.0,2.0,0.0,2.0,2.0,2.0,2.0
F5,V2,2,DAF,10,1.0,1.0,0.0,1.0,1.0,0.0,1.0,1.0,1.0,1.0
F5,V2,2,RRR,10,1.0,1.0,0.0,1.0,1.0,0.0,1.0,1.0,1.0,1.0
F5,V2,2,UAR,10,0.0,0.0,0.0,0.0,0.0,0.0,0.0,0.0,0.0,0.0
F5,V2,2,P95,10,114.0586,109.48599999999999,20.421406906588107,100.987,110.124,9.137,93.22200000000001,152.704,101.40128086541728,126.71591913458272
F5,V2,2,P99,10,133.52929999999998,124.89099999999999,26.455698932576162,118.99199999999999,128.162,9.170000000000016,108.633,183.648,117.13188791914928,149.92671208085068
F5,V2,2,throughput,10,642.9204911904269,636.0291896365566,60.789709542401035,630.7721184462072,690.4813102693074,59.70919182310024,542.7128291947471,744.3237361335387,605.2426388614313,680.5983435194225
F5,V2,5,DER,10,0.0,0.0,0.0,0.0,0.0,0.0,0.0,0.0,0.0,0.0
F5,V2,5,RAF,10,2.0,2.0,0.0,2.0,2.0,0.0,2.0,2.0,2.0,2.0
F5,V2,5,DAF,10,1.0,1.0,0.0,1.0,1.0,0.0,1.0,1.0,1.0,1.0
F5,V2,5,RRR,10,1.0,1.0,0.0,1.0,1.0,0.0,1.0,1.0,1.0,1.0
F5,V2,5,UAR,10,0.0,0.0,0.0,0.0,0.0,0.0,0.0,0.0,0.0,0.0
F5,V2,5,P95,10,95.6289,97.54350000000001,8.102333195512951,92.86500000000001,101.634,8.768999999999991,80.121,106.126,90.60702185715539,100.65077814284462
F5,V2,5,P99,10,111.1335,112.83200000000001,7.846787003466946,108.714,116.375,7.661000000000001,96.943,121.096,106.27001102794803,115.99698897205197
F5,V2,5,throughput,10,683.6806151803062,677.1011507836615,33.685249553165896,653.7240657399244,707.2560390549708,53.53197331504634,645.941685765278,750.7483760112576,662.8022812010282,704.5589491595841
F5,V3,10,DER,10,0.0,0.0,0.0,0.0,0.0,0.0,0.0,0.0,0.0,0.0
F5,V3,10,RAF,10,2.0,2.0,0.0,2.0,2.0,0.0,2.0,2.0,2.0,2.0
F5,V3,10,DAF,10,2.0,2.0,0.0,2.0,2.0,0.0,2.0,2.0,2.0,2.0
F5,V3,10,RRR,10,1.0,1.0,0.0,1.0,1.0,0.0,1.0,1.0,1.0,1.0
F5,V3,10,UAR,10,0.0,0.0,0.0,0.0,0.0,0.0,0.0,0.0,0.0,0.0
F5,V3,10,P95,10,82.15070000000001,87.896,12.57422289226831,75.456,91.214,15.757999999999996,56.17,95.321,74.35711590734523,89.9442840926548
F5,V3,10,P99,10,97.5363,101.754,9.886620611827999,91.277,105.1,13.822999999999993,80.378,108.872,91.40850905891259,103.66409094108741
F5,V3,10,throughput,10,753.3921864684756,754.954442833607,38.24897290460457,723.4621609797417,771.6939620280863,48.23180104834455,701.0090054242198,821.3973502122367,729.6852274505147,777.0991454864366
F5,V3,2,DER,10,0.0,0.0,0.0,0.0,0.0,0.0,0.0,0.0,0.0,0.0
F5,V3,2,RAF,10,2.0,2.0,0.0,2.0,2.0,0.0,2.0,2.0,2.0,2.0
F5,V3,2,DAF,10,2.0,2.0,0.0,2.0,2.0,0.0,2.0,2.0,2.0,2.0
F5,V3,2,RRR,10,1.0,1.0,0.0,1.0,1.0,0.0,1.0,1.0,1.0,1.0
F5,V3,2,UAR,10,0.0,0.0,0.0,0.0,0.0,0.0,0.0,0.0,0.0,0.0
F5,V3,2,P95,10,86.77150000000002,87.4965,7.265571526804421,86.503,91.07400000000001,4.571000000000012,70.243,95.624,82.26825211259647,91.27474788740356
F5,V3,2,P99,10,101.2255,102.108,6.582365030054845,98.638,104.44200000000001,5.804000000000002,86.913,109.84700000000001,97.14570788641926,105.30529211358073
F5,V3,2,throughput,10,765.6696208871432,758.8803320726493,28.93700906783981,743.8453431677907,794.1426436205782,50.297300452787454,721.677120763104,812.8230853861281,747.7342768509885,783.6049649232979
F5,V3,5,DER,10,0.0,0.0,0.0,0.0,0.0,0.0,0.0,0.0,0.0,0.0
F5,V3,5,RAF,10,2.0,2.0,0.0,2.0,2.0,0.0,2.0,2.0,2.0,2.0
F5,V3,5,DAF,10,2.0,2.0,0.0,2.0,2.0,0.0,2.0,2.0,2.0,2.0
F5,V3,5,RRR,10,1.0,1.0,0.0,1.0,1.0,0.0,1.0,1.0,1.0,1.0
F5,V3,5,UAR,10,0.0,0.0,0.0,0.0,0.0,0.0,0.0,0.0,0.0,0.0
F5,V3,5,P95,10,100.09890000000001,91.944,21.52789749991082,85.852,98.23400000000001,12.382000000000005,84.71700000000001,148.326,86.75577089046493,113.4420291095351
F5,V3,5,P99,10,119.1231,105.193,31.787714239064815,99.613,114.424,14.811000000000007,99.078,185.20499999999998,99.42087059322185,138.82532940677814
F5,V3,5,throughput,10,729.2152132609456,743.6334904804663,49.738171982350835,708.0990035689216,762.1271553152717,54.02815174635009,616.9481252924646,787.2705957181178,698.387174877935,760.0432516439562
F5,V4,10,DER,10,0.0,0.0,0.0,0.0,0.0,0.0,0.0,0.0,0.0,0.0
F5,V4,10,RAF,10,2.0,2.0,0.0,2.0,2.0,0.0,2.0,2.0,2.0,2.0
F5,V4,10,DAF,10,1.0,1.0,0.0,1.0,1.0,0.0,1.0,1.0,1.0,1.0
F5,V4,10,RRR,10,1.0,1.0,0.0,1.0,1.0,0.0,1.0,1.0,1.0,1.0
F5,V4,10,UAR,10,0.0,0.0,0.0,0.0,0.0,0.0,0.0,0.0,0.0,0.0
F5,V4,10,P95,10,103.79180000000001,102.11,31.609479210445016,88.477,106.383,17.90599999999999,50.161,155.063,84.20004180847758,123.38355819152244
F5,V4,10,P99,10,125.61929999999998,117.32300000000001,35.61687754437651,104.467,122.773,18.305999999999997,83.434,191.591,103.54373058802719,147.69486941197277
F5,V4,10,throughput,10,643.2395229001197,650.3040427313191,61.11306412544276,634.3610245376775,663.8830866641933,29.522062126515834,533.8777456386756,729.2090769066488,605.3612533241679,681.1177924760715
F5,V4,2,DER,10,0.0,0.0,0.0,0.0,0.0,0.0,0.0,0.0,0.0,0.0
F5,V4,2,RAF,10,2.0,2.0,0.0,2.0,2.0,0.0,2.0,2.0,2.0,2.0
F5,V4,2,DAF,10,1.0,1.0,0.0,1.0,1.0,0.0,1.0,1.0,1.0,1.0
F5,V4,2,RRR,10,1.0,1.0,0.0,1.0,1.0,0.0,1.0,1.0,1.0,1.0
F5,V4,2,UAR,10,0.0,0.0,0.0,0.0,0.0,0.0,0.0,0.0,0.0,0.0
F5,V4,2,P95,10,113.1943,106.3365,19.223216594351037,102.562,108.78800000000001,6.226000000000013,96.702,153.718,101.2796269149927,125.10897308500729
F5,V4,2,P99,10,133.20770000000002,123.901,25.41449501564019,119.512,127.493,7.9809999999999945,112.80199999999999,187.035,117.45563279284578,148.95976720715424
F5,V4,2,throughput,10,636.6074457972761,643.5768104966351,50.56048213096203,626.9835006914631,658.0426754772519,31.059174785788855,538.3947915093414,720.8980962364955,605.2697343037797,667.9451572907725
F5,V4,5,DER,10,0.0,0.0,0.0,0.0,0.0,0.0,0.0,0.0,0.0,0.0
F5,V4,5,RAF,10,2.0,2.0,0.0,2.0,2.0,0.0,2.0,2.0,2.0,2.0
F5,V4,5,DAF,10,1.0,1.0,0.0,1.0,1.0,0.0,1.0,1.0,1.0,1.0
F5,V4,5,RRR,10,1.0,1.0,0.0,1.0,1.0,0.0,1.0,1.0,1.0,1.0
F5,V4,5,UAR,10,0.0,0.0,0.0,0.0,0.0,0.0,0.0,0.0,0.0,0.0
F5,V4,5,P95,10,98.78739999999999,99.283,6.188484398910251,96.55799999999999,103.53999999999999,6.981999999999999,87.09899999999999,107.65,94.951737630865,102.62306236913498
F5,V4,5,P99,10,115.01589999999999,115.9135,6.372848490100619,110.737,119.124,8.387,105.436,125.02199999999999,111.06596758327092,118.96583241672906
F5,V4,5,throughput,10,670.8873591267795,672.4202826125334,25.515860480161024,646.9552327241963,677.3892815680053,30.434048843809023,631.0358552837855,709.9891620240003,655.0724649538078,686.7022532997513
F5,V5,10,DER,10,0.0,0.0,0.0,0.0,0.0,0.0,0.0,0.0,0.0,0.0
F5,V5,10,RAF,10,2.0,2.0,0.0,2.0,2.0,0.0,2.0,2.0,2.0,2.0
F5,V5,10,DAF,10,1.0,1.0,0.0,1.0,1.0,0.0,1.0,1.0,1.0,1.0
F5,V5,10,RRR,10,1.0,1.0,0.0,1.0,1.0,0.0,1.0,1.0,1.0,1.0
F5,V5,10,UAR,10,0.0,0.0,0.0,0.0,0.0,0.0,0.0,0.0,0.0,0.0
F5,V5,10,P95,10,102.3471,103.196,4.133671772434555,99.077,105.626,6.549000000000007,95.416,107.084,99.78502369151407,104.90917630848593
F5,V5,10,P99,10,119.12370000000001,118.772,4.9395535122114005,117.249,122.14099999999999,4.891999999999996,111.878,128.346,116.06213301431703,122.185266985683
F5,V5,10,throughput,10,666.9743163726953,657.2841568638586,31.90465986429002,644.4315089479298,682.3023056860424,37.87079673811252,632.5698428877661,723.5859590679115,647.1996033164487,686.7490294289419
F5,V5,2,DER,10,0.0,0.0,0.0,0.0,0.0,0.0,0.0,0.0,0.0,0.0
F5,V5,2,RAF,10,2.0,2.0,0.0,2.0,2.0,0.0,2.0,2.0,2.0,2.0
F5,V5,2,DAF,10,1.0,1.0,0.0,1.0,1.0,0.0,1.0,1.0,1.0,1.0
F5,V5,2,RRR,10,1.0,1.0,0.0,1.0,1.0,0.0,1.0,1.0,1.0,1.0
F5,V5,2,UAR,10,0.0,0.0,0.0,0.0,0.0,0.0,0.0,0.0,0.0,0.0
F5,V5,2,P95,10,99.8724,102.415,7.566412230670786,95.987,105.172,9.185000000000002,85.806,108.437,95.18268911252369,104.56211088747631
F5,V5,2,P99,10,116.6149,118.544,7.4152216936964646,113.055,121.922,8.86699999999999,103.938,124.603,112.01889797819425,121.21090202180577
F5,V5,2,throughput,10,669.0883218851683,659.1746060874368,30.806331192918094,642.379655126858,695.5954585320159,53.215803405157885,637.8004953194402,727.1165662975284,649.9943599922381,688.1822837780985
F5,V5,5,DER,10,0.0,0.0,0.0,0.0,0.0,0.0,0.0,0.0,0.0,0.0
F5,V5,5,RAF,10,2.0,2.0,0.0,2.0,2.0,0.0,2.0,2.0,2.0,2.0
F5,V5,5,DAF,10,1.0,1.0,0.0,1.0,1.0,0.0,1.0,1.0,1.0,1.0
F5,V5,5,RRR,10,1.0,1.0,0.0,1.0,1.0,0.0,1.0,1.0,1.0,1.0
F5,V5,5,UAR,10,0.0,0.0,0.0,0.0,0.0,0.0,0.0,0.0,0.0,0.0
F5,V5,5,P95,10,105.1498,100.1825,27.587021996261615,92.975,107.79400000000001,14.819000000000017,56.86,151.745,88.05118661960705,122.24841338039295
F5,V5,5,P99,10,126.14270000000002,118.9385,31.041169089703367,109.61,123.50299999999999,13.892999999999986,85.019,182.34300000000002,106.9031840706559,145.38221592934414
F5,V5,5,throughput,10,642.7004864743204,651.907251698334,58.21286025901814,637.8343840870365,673.7699641690879,35.93558008205139,532.7658158532273,730.9316770792484,606.6197818781275,678.7811910705134
F6,V0,10,DER,10,1.0,1.0,0.0,1.0,1.0,0.0,1.0,1.0,1.0,1.0
F6,V0,10,RAF,10,10.0,10.0,0.0,10.0,10.0,0.0,10.0,10.0,10.0,10.0
F6,V0,10,DAF,10,10.0,10.0,0.0,10.0,10.0,0.0,10.0,10.0,10.0,10.0
F6,V0,10,RRR,10,0.0,0.0,0.0,0.0,0.0,0.0,0.0,0.0,0.0,0.0
F6,V0,10,UAR,10,0.0,0.0,0.0,0.0,0.0,0.0,0.0,0.0,0.0,0.0
F6,V0,10,P95,10,187.5175,188.164,2.4829625785876517,186.092,189.43099999999998,3.33899999999997,182.02400000000003,189.837,185.97854384971285,189.05645615028718
F6,V0,10,P99,10,253.97160000000002,250.6705,12.550191598360373,248.881,258.49399999999997,9.612999999999971,235.91400000000004,283.166,246.19291065762377,261.7502893423763
F6,V0,10,throughput,10,80.72790561673104,79.91161148951181,6.551097067530522,76.55504795689241,85.44262173362924,8.88757377673683,69.96567034727423,91.37547230249947,76.66749358710675,84.78831764635532
F6,V0,2,DER,10,0.99954,1.0,0.0014546477236774698,1.0,1.0,0.0,0.9954,1.0,0.9986383999999999,1.0004416
F6,V0,2,RAF,10,2.0,2.0,0.0,2.0,2.0,0.0,2.0,2.0,2.0,2.0
F6,V0,2,DAF,10,1.99912,2.0,0.002782804340948148,2.0,2.0,0.0,1.9912,2.0,1.9973952,2.0008448
F6,V0,2,RRR,10,0.0,0.0,0.0,0.0,0.0,0.0,0.0,0.0,0.0,0.0
F6,V0,2,UAR,10,0.0,0.0,0.0,0.0,0.0,0.0,0.0,0.0,0.0,0.0
F6,V0,2,P95,10,36.787299999999995,36.1105,2.8994053815682035,35.24,36.809,1.5689999999999955,33.589,44.184,34.990229926282595,38.584370073717395
F6,V0,2,P99,10,191.01960000000003,46.3165,455.6319222884484,45.388999999999996,50.397999999999996,5.009,42.171,1487.7440000000001,-91.38399122601766,473.4231912260177
F6,V0,2,throughput,10,393.9823918693642,395.9615758372021,17.590366684839726,390.1800274957444,402.62537257186455,12.445345076120134,361.17596709179696,416.4513279192693,383.079769643443,404.88501409528544
F6,V0,5,DER,10,0.9995799999999999,1.0,0.0013281566172707135,1.0,1.0,0.0,0.9958,1.0,0.9987567999999999,1.0004031999999998
F6,V0,5,RAF,10,5.0,5.0,0.0,5.0,5.0,0.0,5.0,5.0,5.0,5.0
F6,V0,5,DAF,10,4.99784,5.0,0.00683051974596379,5.0,5.0,0.0,4.9784,5.0,4.9936064,5.0020736
F6,V0,5,RRR,10,0.0,0.0,0.0,0.0,0.0,0.0,0.0,0.0,0.0,0.0
F6,V0,5,UAR,10,0.0,0.0,0.0,0.0,0.0,0.0,0.0,0.0,0.0,0.0
F6,V0,5,P95,10,102.4949,96.44,14.914990181022581,95.49600000000001,100.377,4.880999999999986,90.219,141.024,93.25049331078863,111.73930668921138
F6,V0,5,P99,10,1300.4024,130.7335,3118.3399242204064,125.14099999999999,144.111,18.97,115.339,10026.059,-632.364709117976,3233.169509117976
F6,V0,5,throughput,10,157.76849205521225,159.76770737138935,9.615046818835044,148.66798127983978,165.20949442378213,16.541513143942353,144.68640070969985,171.84754937958394,151.80902429490394,163.72795981552056
F6,V1,10,DER,10,0.0,0.0,0.0,0.0,0.0,0.0,0.0,0.0,0.0,0.0
F6,V1,10,RAF,10,10.0,10.0,0.0,10.0,10.0,0.0,10.0,10.0,10.0,10.0
F6,V1,10,DAF,10,9.39284,9.394200000000001,0.04113363587138899,9.3721,9.4168,0.04470000000000063,9.3216,9.4739,9.367345108351671,9.418334891648328
F6,V1,10,RRR,10,0.9325377777777778,0.9326888888888889,0.004570403985709856,0.9302333333333334,0.9352,0.004966666666666675,0.9246222222222222,0.9415444444444444,0.9297050120390746,0.935370543516481
F6,V1,10,UAR,10,0.0,0.0,0.0,0.0,0.0,0.0,0.0,0.0,0.0,0.0
F6,V1,10,P95,10,188.1475,188.59000000000003,3.1797423463055834,184.902,190.43,5.52800000000002,184.254,193.67000000000002,186.17667527538455,190.11832472461546
F6,V1,10,P99,10,278.59610000000004,268.05100000000004,25.08041235905024,258.172,300.88700000000006,42.71500000000003,250.14899999999997,318.02699999999993,263.05109936867626,294.1411006313238
F6,V1,10,throughput,10,79.63861974291255,78.38352045224221,8.192476424170783,76.36379086107978,84.31844983342484,7.954658972345058,65.55717609464253,97.02898606043908,74.56087024810071,84.7163692377244
F6,V1,2,DER,10,0.0,0.0,0.0,0.0,0.0,0.0,0.0,0.0,0.0,0.0
F6,V1,2,RAF,10,2.0,2.0,0.0,2.0,2.0,0.0,2.0,2.0,2.0,2.0
F6,V1,2,DAF,10,1.64308,1.64245,0.007685021506512217,1.6365,1.6468,0.010299999999999976,1.6331,1.6574,1.6383167743217204,1.6478432256782798
F6,V1,2,RRR,10,0.6430800000000001,0.64245,0.007685021506512236,0.6365,0.6468,0.010300000000000087,0.6331,0.6574,0.6383167743217205,0.6478432256782797
F6,V1,2,UAR,10,0.0,0.0,0.0,0.0,0.0,0.0,0.0,0.0,0.0,0.0
F6,V1,2,P95,10,35.9291,35.1255,2.971761858636127,33.9,37.748000000000005,3.848000000000006,32.93,42.83,34.08718291716652,37.771017082833474
F6,V1,2,P99,10,48.5706,48.084,4.708466752091975,45.840999999999994,48.795,2.9540000000000077,42.772000000000006,60.561,45.65226207213794,51.48893792786206
F6,V1,2,throughput,10,349.87068808153174,346.0475469298302,36.54769161339167,324.3018514909555,357.9422804350112,33.64042894405566,294.0242088323476,411.54539598561365,327.2181941324604,372.5231820306031
F6,V1,5,DER,10,0.0,0.0,0.0,0.0,0.0,0.0,0.0,0.0,0.0,0.0
F6,V1,5,RAF,10,5.0,5.0,0.0,5.0,5.0,0.0,5.0,5.0,5.0,5.0
F6,V1,5,DAF,10,4.335100000000001,4.33275,0.02117844816474203,4.3253,4.3384,0.013099999999999667,4.3,4.38,4.321973461832354,4.348226538167647
F6,V1,5,RRR,10,0.8337749999999999,0.8331875,0.005294612041185515,0.831325,0.8346,0.003275000000000028,0.825,0.845,0.8304933654580885,0.8370566345419114
F6,V1,5,UAR,10,0.0,0.0,0.0,0.0,0.0,0.0,0.0,0.0,0.0,0.0
F6,V1,5,P95,10,92.01629999999999,92.8795,3.5869372899762553,91.74,94.31,2.5700000000000074,82.37,94.64800000000001,89.79309323453869,94.23950676546129
F6,V1,5,P99,10,133.3936,135.6365,10.198838824973057,120.427,141.671,21.243999999999986,118.66,145.681,127.07229420552943,139.71490579447055
F6,V1,5,throughput,10,154.27978924152174,149.67020848320925,18.57430353497179,145.4937961002219,163.15151589836353,17.657719798141613,124.20459849860198,193.71310296107396,142.7673166376435,165.7922618454
F6,V2,10,DER,10,0.0,0.0,0.0,0.0,0.0,0.0,0.0,0.0,0.0,0.0
F6,V2,10,RAF,10,10.0,10.0,0.0,10.0,10.0,0.0,10.0,10.0,10.0,10.0
F6,V2,10,DAF,10,0.9981300000000001,1.0,0.005604373292349478,1.0,1.0,0.0,0.9822,1.0,0.9946563734455184,1.0016036265544817
F6,V2,10,RRR,10,0.7766222222222223,0.7811888888888889,0.024065603638048407,0.7748222222222222,0.7899111111111111,0.01508888888888893,0.7189,0.8084111111111111,0.7617062065526611,0.7915382378917836
F6,V2,10,UAR,10,0.0,0.0,0.0,0.0,0.0,0.0,0.0,0.0,0.0,0.0
F6,V2,10,P95,10,1874.4159,176.7395,5354.633407832561,175.42899999999997,182.662,7.2330000000000325,173.74599999999998,17113.931,-1444.420270380116,5193.2520703801165
F6,V2,10,P99,10,3782.2129,244.02050000000003,7528.944605639054,239.892,284.11,44.21800000000002,227.643,20129.066999999995,-884.2753128872914,8448.701112887291
F6,V2,10,throughput,10,79.92664452014635,80.19208415803661,6.1907237217553215,78.14387912273708,83.3096670782589,5.165787955521822,65.4337256554378,88.3998824885252,76.08959420433241,83.7636948359603
F6,V2,2,DER,10,0.0,0.0,0.0,0.0,0.0,0.0,0.0,0.0,0.0,0.0
F6,V2,2,RAF,10,2.0,2.0,0.0,2.0,2.0,0.0,2.0,2.0,2.0,2.0
F6,V2,2,DAF,10,1.0,1.0,0.0,1.0,1.0,0.0,1.0,1.0,1.0,1.0
F6,V2,2,RRR,10,0.25341,0.2531,0.008018928994711341,0.2508,0.2591,0.008299999999999974,0.2401,0.2686,0.2484398163163834,0.25838018368361665
F6,V2,2,UAR,10,0.0,0.0,0.0,0.0,0.0,0.0,0.0,0.0,0.0,0.0
F6,V2,2,P95,10,45.171499999999995,40.491,16.352033629898557,39.212,41.253,2.040999999999997,36.684,91.48400000000001,35.036404553354544,55.306595446645446
F6,V2,2,P99,10,171.0392,54.004999999999995,373.9806812252918,50.251000000000005,57.057,6.805999999999997,44.436,1235.347,-60.75642770036529,402.8348277003653
F6,V2,2,throughput,10,325.95853548388635,346.7320640823576,118.47910887579482,336.617713098821,390.04219134148076,53.424478242659745,0.9272194723739509,427.2399141177594,252.52442300174806,399.39264796602464
F6,V2,5,DER,10,0.0,0.0,0.0,0.0,0.0,0.0,0.0,0.0,0.0,0.0
F6,V2,5,RAF,10,5.0,5.0,0.0,5.0,5.0,0.0,5.0,5.0,5.0,5.0
F6,V2,5,DAF,10,0.99946,1.0,0.0011539304812489956,1.0,1.0,0.0,0.9969,1.0,0.9987447864778808,1.0001752135221194
F6,V2,5,RRR,10,0.5350625,0.536525,0.014592369819342036,0.5203,0.545025,0.024724999999999997,0.518,0.5636,0.5260180554826304,0.5441069445173696
F6,V2,5,UAR,10,0.0,0.0,0.0,0.0,0.0,0.0,0.0,0.0,0.0,0.0
F6,V2,5,P95,10,103.55850000000001,95.905,21.606863422173156,93.57300000000001,102.333,8.759999999999991,90.697,163.522,90.16642730477551,116.95057269522451
F6,V2,5,P99,10,1569.1866000000002,137.64249999999998,3105.6855774847027,126.24300000000001,176.331,50.08799999999998,120.55,8848.550000000001,-355.73726375265323,3494.1104637526537
F6,V2,5,throughput,10,150.74064219519684,149.80496005145216,13.836966278151303,144.7889349365722,165.05896237139748,20.270027434825295,121.08800245147036,166.65140993661274,142.16440164340023,159.31688274699346
F6,V3,10,DER,10,0.0,0.0,0.0,0.0,0.0,0.0,0.0,0.0,0.0,0.0
F6,V3,10,RAF,10,10.0,10.0,0.0,10.0,10.0,0.0,10.0,10.0,10.0,10.0
F6,V3,10,DAF,10,9.385100000000001,9.3844,0.026338438323737633,9.3626,9.4019,0.039299999999999,9.3481,9.4402,9.368775266797485,9.401424733202518
F6,V3,10,RRR,10,0.9316777777777778,0.9316,0.0029264931470819556,0.9291777777777778,0.9335444444444444,0.00436666666666663,0.9275666666666667,0.9378,0.9298639185330538,0.9334916370225018
F6,V3,10,UAR,10,0.0,0.0,0.0,0.0,0.0,0.0,0.0,0.0,0.0,0.0
F6,V3,10,P95,10,188.579,187.9645,4.508948312953804,184.54000000000002,191.29000000000002,6.75,182.02999999999997,197.046,185.7843248819021,191.3736751180979
F6,V3,10,P99,10,290.36340000000007,285.2235,19.7213058965847,281.23499999999996,307.145,25.910000000000025,252.711,320.025,278.1400079670412,302.58679203295895
F6,V3,10,throughput,10,81.13628387033086,80.62602950836053,7.076174151576478,77.78288223656527,83.56124118991612,5.778358953350846,68.69302202754794,95.4800159149143,76.75042569228857,85.52214204837314
F6,V3,2,DER,10,0.0,0.0,0.0,0.0,0.0,0.0,0.0,0.0,0.0,0.0
F6,V3,2,RAF,10,2.0,2.0,0.0,2.0,2.0,0.0,2.0,2.0,2.0,2.0
F6,V3,2,DAF,10,1.64386,1.6438000000000001,0.007065282883382807,1.6404,1.6467,0.006299999999999972,1.6331,1.6547,1.6394808922999213,1.6482391077000789
F6,V3,2,RRR,10,0.64386,0.6437999999999999,0.007065282883382816,0.6404,0.6467,0.006300000000000083,0.6331,0.6547,0.6394808922999212,0.6482391077000788
F6,V3,2,UAR,10,0.0,0.0,0.0,0.0,0.0,0.0,0.0,0.0,0.0,0.0
F6,V3,2,P95,10,36.259699999999995,34.341499999999996,7.450958581879843,33.274,38.926,5.652000000000001,25.98,54.748,31.64154802541757,40.87785197458242
F6,V3,2,P99,10,55.3815,47.716,16.986972120814627,44.95,68.739,23.789,36.068,91.477,44.85286559949519,65.91013440050482
F6,V3,2,throughput,10,350.7403391073624,356.093195367824,55.397556012383326,338.99761000568236,373.9244689340187,34.926858928336344,240.13261871289887,457.8237016402141,316.40457816140866,385.0761000533161
F6,V3,5,DER,10,0.0,0.0,0.0,0.0,0.0,0.0,0.0,0.0,0.0,0.0
F6,V3,5,RAF,10,5.0,5.0,0.0,5.0,5.0,0.0,5.0,5.0,5.0,5.0
F6,V3,5,DAF,10,4.32577,4.31955,0.017303567390698424,4.3151,4.332,0.016899999999999693,4.3061,4.3547,4.315045137818239,4.336494862181762
F6,V3,5,RRR,10,0.8314425,0.8298875,0.004325891847674619,0.828775,0.833,0.004224999999999923,0.826525,0.838675,0.8287612844545597,0.8341237155454403
F6,V3,5,UAR,10,0.0,0.0,0.0,0.0,0.0,0.0,0.0,0.0,0.0,0.0
F6,V3,5,P95,10,93.80610000000001,93.3545,5.7268604827504666,91.07799999999999,94.20400000000001,3.126000000000019,85.12299999999999,107.672,90.25655509836945,97.35564490163058
F6,V3,5,P99,10,245.49049999999997,134.226,341.96825533544285,132.16899999999998,150.176,18.007000000000005,117.74999999999999,1217.956,33.536379430530644,457.4446205694693
F6,V3,5,throughput,10,151.4413741465463,150.8054813580801,21.535554102322575,142.64880654387468,158.19137409430687,15.542567550432182,115.61179883339061,193.79470885827686,138.09349942567036,164.78924886742226
F6,V4,10,DER,10,0.0,0.0,0.0,0.0,0.0,0.0,0.0,0.0,0.0,0.0
F6,V4,10,RAF,10,10.0,10.0,0.0,10.0,10.0,0.0,10.0,10.0,10.0,10.0
F6,V4,10,DAF,10,0.99656,1.0,0.008498784226778154,1.0,1.0,0.0,0.9734,1.0,0.9912923989622093,1.0018276010377907
F6,V4,10,RRR,10,0.7550366666666667,0.7642333333333333,0.02545513714083487,0.7601,0.7705555555555555,0.010455555555555551,0.7020666666666666,0.7752888888888889,0.7392594092093377,0.7708139241239956
F6,V4,10,UAR,10,0.0,0.0,0.0,0.0,0.0,0.0,0.0,0.0,0.0,0.0
F6,V4,10,P95,10,2564.8953,178.3275,6271.91858546575,175.01,184.637,9.62700000000001,172.81,20053.303000000004,-1322.4801137257873,6452.270713725788
F6,V4,10,P99,10,4222.508199999999,253.284,8370.699142833593,241.468,277.502,36.03400000000002,240.29200000000003,20105.366999999995,-965.7048802771624,9410.721280277161
F6,V4,10,throughput,10,82.56888895134344,82.97808260186756,2.7913067802076346,80.35094472969475,83.75211196424846,3.4011672345537107,78.38637820188043,86.77381987753716,80.83881908489292,84.29895881779396
F6,V4,2,DER,10,0.0,0.0,0.0,0.0,0.0,0.0,0.0,0.0,0.0,0.0
F6,V4,2,RAF,10,2.0,2.0,0.0,2.0,2.0,0.0,2.0,2.0,2.0,2.0
F6,V4,2,DAF,10,1.0,1.0,0.0,1.0,1.0,0.0,1.0,1.0,1.0,1.0
F6,V4,2,RRR,10,0.23384999999999997,0.23620000000000002,0.01456733408082008,0.232,0.2405,0.00849999999999998,0.1966,0.2488,0.22482107279413055,0.2428789272058694
F6,V4,2,UAR,10,0.0,0.0,0.0,0.0,0.0,0.0,0.0,0.0,0.0,0.0
F6,V4,2,P95,10,40.965999999999994,40.751999999999995,1.1107352919975524,40.172,41.602000000000004,1.4300000000000068,39.161,42.66,40.27755913355208,41.654440866447906
F6,V4,2,P99,10,53.43370000000001,53.2345,2.5511742416211223,51.804,55.484,3.6799999999999997,49.876,57.049,51.85246582295081,55.014934177049206
F6,V4,2,throughput,10,356.18462173434466,355.79744401360614,31.10561453060669,344.6762129469624,361.6157947020901,16.939581755127733,292.18042122062513,412.563819803611,336.9051621068991,375.4640813617902
F6,V4,5,DER,10,0.0,0.0,0.0,0.0,0.0,0.0,0.0,0.0,0.0,0.0
F6,V4,5,RAF,10,5.0,5.0,0.0,5.0,5.0,0.0,5.0,5.0,5.0,5.0
F6,V4,5,DAF,10,0.99969,1.0,0.0009803060746521948,1.0,1.0,0.0,0.9969,1.0,0.9990823999999999,1.0002976
F6,V4,5,RRR,10,0.5121300000000001,0.5147625,0.01228506772015886,0.499675,0.52,0.020325000000000037,0.490075,0.5301,0.5045156361397978,0.5197443638602024
F6,V4,5,UAR,10,0.0,0.0,0.0,0.0,0.0,0.0,0.0,0.0,0.0,0.0
F6,V4,5,P95,10,108.70899999999999,95.507,41.08722263402307,92.195,99.70100000000001,7.506000000000014,89.70299999999999,224.66,83.24287557422858,134.1751244257714
F6,V4,5,P99,10,944.2971,134.0,2557.9629979906736,127.99399999999999,137.458,9.464000000000013,125.01,8224.305,-641.1447918403151,2529.738991840315
F6,V4,5,throughput,10,155.38887678758107,155.31936606054273,8.746569465560743,150.46287315554238,160.7040814464351,10.241208290892729,139.4678763753507,169.48989123457372,149.96769686766655,160.8100567074956
F6,V5,10,DER,10,0.0,0.0,0.0,0.0,0.0,0.0,0.0,0.0,0.0,0.0
F6,V5,10,RAF,10,10.0,10.0,0.0,10.0,10.0,0.0,10.0,10.0,10.0,10.0
F6,V5,10,DAF,10,0.99976,1.0,0.0007589466384403977,1.0,1.0,0.0,0.9976,1.0,0.9992896,1.0002304
F6,V5,10,RRR,10,0.7668222222222222,0.7685444444444445,0.010277538202079273,0.7628333333333334,0.7744222222222222,0.01158888888888887,0.7434222222222222,0.7784222222222222,0.7604521380484616,0.7731923063959828
F6,V5,10,UAR,10,0.0,0.0,0.0,0.0,0.0,0.0,0.0,0.0,0.0,0.0
F6,V5,10,P95,10,179.60240000000005,176.01799999999997,13.649211155065167,172.994,178.002,5.00800000000001,171.69899999999998,217.62099999999998,171.14253127914165,188.06226872085844
F6,V5,10,P99,10,2229.7351,243.526,6273.2449812747445,239.172,255.49200000000005,16.32000000000005,232.103,20083.667999999998,-1658.4624223655114,6117.932622365512
F6,V5,10,throughput,10,82.99340395376194,82.36038292569177,3.9348472733254356,80.08450766266218,85.59597306217726,5.511465399515089,78.30010172693666,90.46803697719328,80.55456034655408,85.4322475609698
F6,V5,2,DER,10,0.0,0.0,0.0,0.0,0.0,0.0,0.0,0.0,0.0,0.0
F6,V5,2,RAF,10,2.0,2.0,0.0,2.0,2.0,0.0,2.0,2.0,2.0,2.0
F6,V5,2,DAF,10,0.99864,1.0,0.004300697617828979,1.0,1.0,0.0,0.9864,1.0,0.9959744,1.0013056
F6,V5,2,RRR,10,0.23573,0.23455,0.010338498708978768,0.2289,0.2438,0.014899999999999997,0.2191,0.2534,0.22932213211261168,0.2421378678873883
F6,V5,2,UAR,10,0.0,0.0,0.0,0.0,0.0,0.0,0.0,0.0,0.0,0.0
F6,V5,2,P95,10,46.971399999999996,40.611000000000004,18.892232273256294,39.415,42.652,3.237000000000002,36.409,99.809,35.26187312258763,58.68092687741236
F6,V5,2,P99,10,450.572,52.7235,1252.0753201274363,50.488,56.152,5.6640000000000015,49.581,4013.978,-325.47232348268403,1226.616323482684
F6,V5,2,throughput,10,345.7600934388274,352.66054065820026,32.64273048560238,335.3941841474083,366.67077312829883,31.27658898089055,278.24472491478895,394.38925750996856,325.52791947205,365.9922674056049
F6,V5,5,DER,10,0.0,0.0,0.0,0.0,0.0,0.0,0.0,0.0,0.0,0.0
F6,V5,5,RAF,10,5.0,5.0,0.0,5.0,5.0,0.0,5.0,5.0,5.0,5.0
F6,V5,5,DAF,10,0.9995799999999999,1.0,0.0013281566172707135,1.0,1.0,0.0,0.9958,1.0,0.9987567999999999,1.0004031999999998
F6,V5,5,RRR,10,0.512565,0.513,0.011523419390287094,0.5083,0.521425,0.013125000000000053,0.489425,0.5304,0.5054227106654955,0.5197072893345046
F6,V5,5,UAR,10,0.0,0.0,0.0,0.0,0.0,0.0,0.0,0.0,0.0,0.0
F6,V5,5,P95,10,96.3854,94.2775,6.47494321210619,92.08099999999999,98.878,6.797000000000011,91.23,112.739,92.37218861898155,100.39861138101845
F6,V5,5,P99,10,1123.9784,134.041,3131.8277268590546,126.65899999999999,143.35,16.691000000000003,119.042,10037.271999999999,-817.148535803892,3065.1053358038916
F6,V5,5,throughput,10,157.90394046252456,158.52899866421296,7.435015373960515,151.76235627551762,164.38239770053767,12.620041425020048,147.15773317606164,168.60469626923825,153.29567019058814,162.51221073446098
