failure_scenario,variant,metric,n,mean,median,std,Q1,Q3,IQR,min,max,CI_low,CI_high
F1,V0,DER,10,0.0,0.0,0.0,0.0,0.0,0.0,0.0,0.0,0.0,0.0
F1,V0,EOER,10,0.90066,0.9007499999999999,0.003806485693304685,0.8994,0.9027,0.0032999999999999696,0.8942,0.9076,0.8983007157243492,0.9030192842756508
F1,V0,LER,10,0.09934,0.09925,0.003806485693304697,0.0973,0.1006,0.0032999999999999974,0.0924,0.1058,0.09698071572434916,0.10169928427565084
F1,V0,RAF,10,0.90066,0.9007499999999999,0.003806485693304685,0.8994,0.9027,0.0032999999999999696,0.8942,0.9076,0.8983007157243492,0.9030192842756508
F1,V0,DAF,10,0.90066,0.9007499999999999,0.003806485693304685,0.8994,0.9027,0.0032999999999999696,0.8942,0.9076,0.8983007157243492,0.9030192842756508
F1,V0,RRR,10,0.0,0.0,0.0,0.0,0.0,0.0,0.0,0.0,0.0,0.0
F1,V0,UAR,10,0.0,0.0,0.0,0.0,0.0,0.0,0.0,0.0,0.0,0.0
F1,V0,P95,10,51.9865,45.936,17.87161118925767,43.498,48.655,5.157000000000004,31.293,85.96,40.909560624259065,63.063439375740934
F1,V0,P99,10,64.6787,55.2765,22.573807398300257,51.727,60.078,8.351000000000006,47.02,107.844,50.687309219244646,78.67009078075537
F1,V0,throughput,10,1672.7374480591097,1774.3231677207723,277.42410040299967,1651.876863198985,1844.1157997920793,192.23893659309442,1114.0667480012796,1940.8577349351606,1500.7882091801534,1844.686686938066
F1,V1,DER,10,0.0,0.0,0.0,0.0,0.0,0.0,0.0,0.0,0.0,0.0
F1,V1,EOER,10,0.9006800000000001,0.9004,0.002738531642241066,0.8991,0.9023,0.0031999999999999806,0.8962,0.9052,0.8989826405029512,0.9023773594970491
F1,V1,LER,10,0.09931999999999999,0.0996,0.0027385316422410687,0.0977,0.1009,0.0032000000000000084,0.0948,0.1038,0.09762264050295105,0.10101735949704893
F1,V1,RAF,10,0.9006800000000001,0.9004,0.002738531642241066,0.8991,0.9023,0.0031999999999999806,0.8962,0.9052,0.8989826405029512,0.9023773594970491
F1,V1,DAF,10,0.9006800000000001,0.9004,0.002738531642241066,0.8991,0.9023,0.0031999999999999806,0.8962,0.9052,0.8989826405029512,0.9023773594970491
F1,V1,RRR,10,0.0,0.0,0.0,0.0,0.0,0.0,0.0,0.0,0.0,0.0
F1,V1,UAR,10,0.0,0.0,0.0,0.0,0.0,0.0,0.0,0.0,0.0,0.0
F1,V1,P95,10,42.6122,45.5925,7.95101945664831,37.536,47.557,10.021,26.189,51.242,37.68410708414868,47.540292915851325
F1,V1,P99,10,53.308800000000005,55.314499999999995,7.206960058782681,48.375,57.879,9.503999999999998,38.825,62.035,48.841879876843606,57.775720123156404
F1,V1,throughput,10,1747.812518295057,1748.9905631945571,100.46754973415982,1669.08594958715,1844.6835380963973,175.59758850924732,1561.2678198787846,1867.4718267724402,1685.542085828204,1810.08295076191
F1,V2,DER,10,0.0,0.0,0.0,0.0,0.0,0.0,0.0,0.0,0.0,0.0
F1,V2,EOER,10,0.8107800000000001,0.8109999999999999,0.0021243561115992017,0.8102,0.8117,0.0014999999999999458,0.8072,0.8147,0.8094633104407054,0.8120966895592947
F1,V2,LER,10,0.18922,0.189,0.0021243561115992064,0.1883,0.1898,0.0015000000000000013,0.1853,0.1928,0.18790331044070535,0.19053668955929465
F1,V2,RAF,10,1.25488,1.2558,0.005275267239149563,1.2498,1.2593,0.009500000000000064,1.2471,1.2617,1.251610355490611,1.258149644509389
F1,V2,DAF,10,0.8107800000000001,0.8109999999999999,0.0021243561115992017,0.8102,0.8117,0.0014999999999999458,0.8072,0.8147,0.8094633104407054,0.8120966895592947
F1,V2,RRR,10,0.0,0.0,0.0,0.0,0.0,0.0,0.0,0.0,0.0,0.0
F1,V2,UAR,10,0.0,0.0,0.0,0.0,0.0,0.0,0.0,0.0,0.0,0.0
F1,V2,P95,10,69.96239999999999,66.405,19.480995087520558,60.010999999999996,79.094,19.083,47.044,112.376,57.88795414962921,82.03684585037077
F1,V2,P99,10,104.60350000000001,94.0255,38.35892259595181,87.508,104.946,17.438000000000002,67.358,192.722,80.82839345731195,128.3786065426881
F1,V2,throughput,10,959.1153683540679,982.6990123718236,110.78508401367432,909.6552472145129,1003.3493747557892,93.69412754127632,739.8032202566511,1100.4504357129422,890.4500618878293,1027.7806748203066
F1,V3,DER,10,0.0,0.0,0.0,0.0,0.0,0.0,0.0,0.0,0.0,0.0
F1,V3,EOER,10,0.89846,0.89805,0.0015152557539900502,0.8976,0.8994,0.0018000000000000238,0.8961,0.9016,0.8975208347536243,0.8993991652463758
F1,V3,LER,10,0.10154,0.10195,0.0015152557539900656,0.1006,0.1024,0.00180000000000001,0.0984,0.1039,0.10060083475362427,0.10247916524637574
F1,V3,RAF,10,0.89846,0.89805,0.0015152557539900502,0.8976,0.8994,0.0018000000000000238,0.8961,0.9016,0.8975208347536243,0.8993991652463758
F1,V3,DAF,10,0.89846,0.89805,0.0015152557539900502,0.8976,0.8994,0.0018000000000000238,0.8961,0.9016,0.8975208347536243,0.8993991652463758
F1,V3,RRR,10,0.0,0.0,0.0,0.0,0.0,0.0,0.0,0.0,0.0,0.0
F1,V3,UAR,10,0.0,0.0,0.0,0.0,0.0,0.0,0.0,0.0,0.0,0.0
F1,V3,P95,10,40.891200000000005,45.635999999999996,10.9940895616185,37.566,46.019,8.452999999999996,12.527,50.457,34.07699269233908,47.70540730766093
F1,V3,P99,10,50.6025,55.4845,13.5277302953764,50.874,56.604,5.729999999999997,14.459,61.361,42.217925896053046,58.98707410394695
F1,V3,throughput,10,1787.5680055660937,1803.1119557549814,62.83351161655429,1715.8583360105029,1837.0539959247862,121.1956599142834,1690.5436295912527,1859.4034664499973,1748.6233915874816,1826.5126195447058
F1,V4,DER,10,0.0,0.0,0.0,0.0,0.0,0.0,0.0,0.0,0.0,0.0
F1,V4,EOER,10,0.80776,0.8086500000000001,0.0043400460827046445,0.8053,0.8105,0.005199999999999982,0.7986,0.814,0.8050700115687982,0.8104499884312019
F1,V4,LER,10,0.19224000000000002,0.19135000000000002,0.004340046082704653,0.1895,0.1947,0.00520000000000001,0.186,0.2014,0.18955001156879814,0.1949299884312019
F1,V4,RAF,10,1.2617099999999997,1.26105,0.013626807729211115,1.252,1.2655,0.013500000000000068,1.2474,1.2931,1.2532640170663467,1.2701559829336526
F1,V4,DAF,10,0.80776,0.8086500000000001,0.0043400460827046445,0.8053,0.8105,0.005199999999999982,0.7986,0.814,0.8050700115687982,0.8104499884312019
F1,V4,RRR,10,0.0,0.0,0.0,0.0,0.0,0.0,0.0,0.0,0.0,0.0
F1,V4,UAR,10,0.0,0.0,0.0,0.0,0.0,0.0,0.0,0.0,0.0,0.0
F1,V4,P95,10,69.08330000000001,63.1865,18.574583698340774,57.388000000000005,71.04299999999999,13.654999999999987,54.117999999999995,111.73400000000001,57.570653749066615,80.5959462509334
F1,V4,P99,10,106.69420000000002,91.1315,43.400597975399165,82.589,96.461,13.872,76.44800000000001,210.24699999999999,79.79423068255149,133.59416931744857
F1,V4,throughput,10,944.0089970213285,981.7513670113765,106.31733374345625,956.4133550594145,1014.1436429142296,57.730287854815174,724.4969308706599,1032.820681983579,878.1128308617514,1009.9051631809056
F1,V5,DER,10,0.0,0.0,0.0,0.0,0.0,0.0,0.0,0.0,0.0,0.0
F1,V5,EOER,10,0.8095399999999999,0.8088,0.0023903509737646924,0.808,0.8115,0.0034999999999999476,0.8063,0.8142,0.8080584451170776,0.8110215548829223
F1,V5,LER,10,0.19046,0.19119999999999998,0.0023903509737646872,0.1885,0.192,0.003500000000000003,0.1858,0.1937,0.18897844511707762,0.19194155488292236
F1,V5,RAF,10,1.26274,1.26165,0.0072576702720486335,1.259,1.2675,0.008500000000000174,1.2505,1.2753,1.2582416493610311,1.2672383506389688
F1,V5,DAF,10,0.8095399999999999,0.8088,0.0023903509737646924,0.808,0.8115,0.0034999999999999476,0.8063,0.8142,0.8080584451170776,0.8110215548829223
F1,V5,RRR,10,0.0,0.0,0.0,0.0,0.0,0.0,0.0,0.0,0.0,0.0
F1,V5,UAR,10,0.0,0.0,0.0,0.0,0.0,0.0,0.0,0.0,0.0,0.0
F1,V5,P95,10,61.98010000000001,61.6245,7.510879242065399,56.573,65.284,8.711000000000006,49.882999999999996,75.485,57.324808815460464,66.63539118453954
F1,V5,P99,10,88.048,88.80850000000001,8.849557063617487,83.001,92.788,9.786999999999992,75.63600000000001,102.411,82.56298770548608,93.53301229451392
F1,V5,throughput,10,987.4207454738078,986.4318447203749,33.735132491902874,960.0316123690718,1012.3569313751158,52.32531900604397,935.0363166394707,1042.4714435970125,966.5114937287826,1008.3299972188329
F2,V0,DER,10,0.0,0.0,0.0,0.0,0.0,0.0,0.0,0.0,0.0,0.0
F2,V0,EOER,10,1.0,1.0,0.0,1.0,1.0,0.0,1.0,1.0,1.0,1.0
F2,V0,LER,10,0.0,0.0,0.0,0.0,0.0,0.0,0.0,0.0,0.0,0.0
F2,V0,RAF,10,1.0,1.0,0.0,1.0,1.0,0.0,1.0,1.0,1.0,1.0
F2,V0,DAF,10,1.0,1.0,0.0,1.0,1.0,0.0,1.0,1.0,1.0,1.0
F2,V0,RRR,10,0.0,0.0,0.0,0.0,0.0,0.0,0.0,0.0,0.0,0.0
F2,V0,UAR,10,0.0,0.0,0.0,0.0,0.0,0.0,0.0,0.0,0.0,0.0
F2,V0,P95,10,50.5692,47.522999999999996,23.206631967799392,41.488,50.056,8.567999999999998,12.819,90.564,36.18558048745381,64.95281951254618
F2,V0,P99,10,63.69369999999999,58.314,26.73177523742941,51.188,60.629,9.440999999999995,26.625,112.347,47.125174052606795,80.26222594739319
F2,V0,throughput,10,1498.9085339526812,1609.5544559340567,258.9481890547525,1506.8735434207338,1644.8296132577618,137.95606983702805,990.8240843041832,1689.4294814608825,1338.4107835684565,1659.4062843369059
F2,V1,DER,10,0.0,0.0,0.0,0.0,0.0,0.0,0.0,0.0,0.0,0.0
F2,V1,EOER,10,1.0,1.0,0.0,1.0,1.0,0.0,1.0,1.0,1.0,1.0
F2,V1,LER,10,0.0,0.0,0.0,0.0,0.0,0.0,0.0,0.0,0.0,0.0
F2,V1,RAF,10,1.0,1.0,0.0,1.0,1.0,0.0,1.0,1.0,1.0,1.0
F2,V1,DAF,10,1.0,1.0,0.0,1.0,1.0,0.0,1.0,1.0,1.0,1.0
F2,V1,RRR,10,0.0,0.0,0.0,0.0,0.0,0.0,0.0,0.0,0.0,0.0
F2,V1,UAR,10,0.0,0.0,0.0,0.0,0.0,0.0,0.0,0.0,0.0,0.0
F2,V1,P95,10,41.074799999999996,47.3525,13.905167678880314,41.722,49.046,7.323999999999998,13.726,50.953,32.45628778208355,49.69331221791644
F2,V1,P99,10,51.2461,56.861000000000004,14.249224341072823,51.948,58.84,6.892000000000003,16.295,61.957,42.41433925353359,60.077860746466406
F2,V1,throughput,10,1582.5283666508735,1565.9867419698635,66.38758839613448,1532.817215074446,1633.091432163324,100.274217088878,1474.4515298997555,1678.9349326971617,1541.380913062154,1623.6758202395931
F2,V2,DER,10,0.0,0.0,0.0,0.0,0.0,0.0,0.0,0.0,0.0,0.0
F2,V2,EOER,10,0.9006400000000001,0.90055,0.00322290414240187,0.8979,0.9031,0.005199999999999982,0.8955,0.9054,0.8986424233170053,0.9026375766829949
F2,V2,LER,10,0.09936,0.09945000000000001,0.0032229041424018654,0.0969,0.1021,0.005199999999999996,0.0946,0.1045,0.09736242331700522,0.10135757668299479
F2,V2,RAF,10,1.39744,1.3978,0.012891616569607443,1.3876,1.4084,0.02080000000000015,1.3784,1.418,1.389449693268021,1.405430306731979
F2,V2,DAF,10,0.9006400000000001,0.90055,0.00322290414240187,0.8979,0.9031,0.005199999999999982,0.8955,0.9054,0.8986424233170053,0.9026375766829949
F2,V2,RRR,10,0.0,0.0,0.0,0.0,0.0,0.0,0.0,0.0,0.0,0.0
F2,V2,UAR,10,0.0,0.0,0.0,0.0,0.0,0.0,0.0,0.0,0.0,0.0
F2,V2,P95,10,73.70620000000001,63.99950000000001,23.302960850501382,60.653000000000006,78.874,18.22099999999999,50.258,119.137,59.262875227389515,88.1495247726105
F2,V2,P99,10,110.6908,92.9665,48.36083842853751,85.76899999999999,100.743,14.974000000000004,68.885,201.783,80.71644179804298,140.665158201957
F2,V2,throughput,10,859.7527264110824,904.0154207490873,109.1034359705427,819.3773503866598,924.1387327384873,104.76138235182748,668.2969231650472,966.2330628038452,792.1297162004998,927.375736621665
F2,V3,DER,10,0.0,0.0,0.0,0.0,0.0,0.0,0.0,0.0,0.0,0.0
F2,V3,EOER,10,1.0,1.0,0.0,1.0,1.0,0.0,1.0,1.0,1.0,1.0
F2,V3,LER,10,0.0,0.0,0.0,0.0,0.0,0.0,0.0,0.0,0.0,0.0
F2,V3,RAF,10,1.0,1.0,0.0,1.0,1.0,0.0,1.0,1.0,1.0,1.0
F2,V3,DAF,10,1.0,1.0,0.0,1.0,1.0,0.0,1.0,1.0,1.0,1.0
F2,V3,RRR,10,0.0,0.0,0.0,0.0,0.0,0.0,0.0,0.0,0.0,0.0
F2,V3,UAR,10,0.0,0.0,0.0,0.0,0.0,0.0,0.0,0.0,0.0,0.0
F2,V3,P95,10,42.338,45.957,9.277130722612702,40.577,47.908,7.331000000000003,22.136,51.972,36.587974806022345,48.08802519397766
F2,V3,P99,10,53.854499999999994,55.855000000000004,6.985235655771871,51.788,58.234,6.446000000000005,39.08,62.995,49.52500608560923,58.18399391439076
F2,V3,throughput,10,1599.8000076535877,1598.3065037378562,64.65747617053471,1551.4493255660946,1662.8708990892496,111.42157352315508,1513.7680470552127,1684.6985431586957,1559.7248887320252,1639.8751265751503
F2,V4,DER,10,0.0,0.0,0.0,0.0,0.0,0.0,0.0,0.0,0.0,0.0
F2,V4,EOER,10,0.90068,0.90155,0.0032282778346632,0.8985,0.9029,0.0044000000000000705,0.8938,0.9045,0.8986790926680351,0.9026809073319649
F2,V4,LER,10,0.09931999999999999,0.09845,0.003228277834663209,0.0971,0.1015,0.004400000000000001,0.0955,0.1062,0.09731909266803504,0.10132090733196494
F2,V4,RAF,10,1.3972799999999999,1.3938000000000001,0.012913111338652878,1.3884,1.406,0.017599999999999838,1.382,1.4248,1.38927637067214,1.4052836293278597
F2,V4,DAF,10,0.90068,0.90155,0.0032282778346632,0.8985,0.9029,0.0044000000000000705,0.8938,0.9045,0.8986790926680351,0.9026809073319649
F2,V4,RRR,10,0.0,0.0,0.0,0.0,0.0,0.0,0.0,0.0,0.0,0.0
F2,V4,UAR,10,0.0,0.0,0.0,0.0,0.0,0.0,0.0,0.0,0.0,0.0
F2,V4,P95,10,73.78220000000002,68.7125,20.802347136801657,59.805,78.10300000000001,18.29800000000001,50.577999999999996,123.138,60.88877166456402,86.67562833543602
F2,V4,P99,10,109.5953,94.60149999999999,40.134172718381635,83.239,107.343,24.104,77.456,193.209,84.71988203185121,134.4707179681488
F2,V4,throughput,10,854.363487205204,878.1003513590662,85.35244094842696,829.636421081294,910.098071257033,80.46165017573901,681.3168409429722,961.5389156273159,801.461496223802,907.2654781866061
F2,V5,DER,10,0.0,0.0,0.0,0.0,0.0,0.0,0.0,0.0,0.0,0.0
F2,V5,EOER,10,0.89939,0.89875,0.0035964334184485007,0.8959,0.9022,0.006299999999999972,0.895,0.9067,0.8971609074731333,0.9016190925268668
F2,V5,LER,10,0.10061,0.10125,0.0035964334184485237,0.0978,0.1041,0.0063,0.0933,0.105,0.09838090747313322,0.1028390925268668
F2,V5,RAF,10,1.40244,1.405,0.01438573367379411,1.3912,1.4164,0.02520000000000011,1.3732,1.42,1.3935236298925329,1.411356370107467
F2,V5,DAF,10,0.89939,0.89875,0.0035964334184485007,0.8959,0.9022,0.006299999999999972,0.895,0.9067,0.8971609074731333,0.9016190925268668
F2,V5,RRR,10,0.0,0.0,0.0,0.0,0.0,0.0,0.0,0.0,0.0,0.0
F2,V5,UAR,10,0.0,0.0,0.0,0.0,0.0,0.0,0.0,0.0,0.0,0.0
F2,V5,P95,10,64.6907,64.288,10.215385945284256,58.115,73.375,15.259999999999998,49.287000000000006,80.518,58.359138194105,71.02226180589501
F2,V5,P99,10,89.18379999999999,89.1055,12.621038914799719,78.267,100.25900000000001,21.99200000000002,71.57900000000001,105.166,81.36119903595616,97.00640096404382
F2,V5,throughput,10,890.6202403364741,894.1891549444999,50.784870742914705,845.5517524836131,943.7199382634993,98.16818577988624,822.4630417996838,957.0159403022318,859.143451340402,922.0970293325463
F7,V0,DER,10,0.0,0.0,0.0,0.0,0.0,0.0,0.0,0.0,0.0,0.0
F7,V0,EOER,10,1.0,1.0,0.0,1.0,1.0,0.0,1.0,1.0,1.0,1.0
F7,V0,LER,10,0.0,0.0,0.0,0.0,0.0,0.0,0.0,0.0,0.0,0.0
F7,V0,RAF,10,1.0,1.0,0.0,1.0,1.0,0.0,1.0,1.0,1.0,1.0
F7,V0,DAF,10,1.0,1.0,0.0,1.0,1.0,0.0,1.0,1.0,1.0,1.0
F7,V0,RRR,10,0.0,0.0,0.0,0.0,0.0,0.0,0.0,0.0,0.0,0.0
F7,V0,UAR,10,0.0,0.0,0.0,0.0,0.0,0.0,0.0,0.0,0.0,0.0
F7,V0,P95,10,53.549400000000006,48.2585,19.040765666210895,46.385,50.496,4.111000000000004,27.207,90.909,41.74781117184308,65.35098882815693
F7,V0,P99,10,66.76859999999999,57.9785,23.583819925251014,56.511,60.652,4.140999999999998,42.933,113.189,52.15119696935318,81.3860030306468
F7,V0,throughput,10,1500.4346121360397,1600.9638511222324,244.65668098022465,1484.6191997682547,1663.4072487255273,178.78804895727262,988.7742417188733,1674.4705818758764,1348.7948302277973,1652.0743940442821
F7,V1,DER,10,0.0,0.0,0.0,0.0,0.0,0.0,0.0,0.0,0.0,0.0
F7,V1,EOER,10,1.0,1.0,0.0,1.0,1.0,0.0,1.0,1.0,1.0,1.0
F7,V1,LER,10,0.0,0.0,0.0,0.0,0.0,0.0,0.0,0.0,0.0,0.0
F7,V1,RAF,10,1.0,1.0,0.0,1.0,1.0,0.0,1.0,1.0,1.0,1.0
F7,V1,DAF,10,1.0,1.0,0.0,1.0,1.0,0.0,1.0,1.0,1.0,1.0
F7,V1,RRR,10,0.0,0.0,0.0,0.0,0.0,0.0,0.0,0.0,0.0,0.0
F7,V1,UAR,10,0.0,0.0,0.0,0.0,0.0,0.0,0.0,0.0,0.0,0.0
F7,V1,P95,10,43.61030000000001,45.905,10.307328299699092,41.467,50.225,8.758000000000003,17.918,54.953,37.221751732440694,49.998848267559325
F7,V1,P99,10,54.96130000000001,56.876999999999995,8.203238114712182,50.985,60.441,9.456000000000003,36.055,65.339,49.876880340285574,60.04571965971444
F7,V1,throughput,10,1574.8439275914584,1586.7556672820142,71.41545184694108,1539.6350008040833,1614.8146853401277,75.1796845360443,1417.7857765357032,1679.2339852965174,1530.5801719500416,1619.1076832328752
F7,V2,DER,10,0.0,0.0,0.0,0.0,0.0,0.0,0.0,0.0,0.0,0.0
F7,V2,EOER,10,0.9003,0.90025,0.003911521443121591,0.8968,0.9023,0.005499999999999949,0.8949,0.9069,0.8978756138921368,0.9027243861078632
F7,V2,LER,10,0.09969999999999998,0.09975,0.003911521443121589,0.0977,0.1032,0.005500000000000005,0.0931,0.1051,0.09727561389213679,0.10212438610786317
F7,V2,RAF,10,1.3988,1.399,0.01564608577248635,1.3908,1.4128,0.02200000000000002,1.3724,1.4204,1.3891024555685474,1.4084975444314527
F7,V2,DAF,10,0.9003,0.90025,0.003911521443121591,0.8968,0.9023,0.005499999999999949,0.8949,0.9069,0.8978756138921368,0.9027243861078632
F7,V2,RRR,10,0.0,0.0,0.0,0.0,0.0,0.0,0.0,0.0,0.0,0.0
F7,V2,UAR,10,0.0,0.0,0.0,0.0,0.0,0.0,0.0,0.0,0.0,0.0
F7,V2,P95,10,73.09909999999999,66.239,17.437594185806965,64.253,83.34799999999998,19.094999999999985,53.001999999999995,108.602,62.29116714999155,83.90703285000843
F7,V2,P99,10,111.3278,89.44,46.51283561388668,85.858,111.874,26.01599999999999,80.282,206.464,82.4988458093159,140.1567541906841
F7,V2,throughput,10,853.0042998282419,877.0553718251185,86.69598571614426,826.7225128429839,914.8318191390364,88.10930629605252,677.4616025909655,944.9700506308626,799.2695711723796,906.7390284841041
F7,V3,DER,10,0.0,0.0,0.0,0.0,0.0,0.0,0.0,0.0,0.0,0.0
F7,V3,EOER,10,1.0,1.0,0.0,1.0,1.0,0.0,1.0,1.0,1.0,1.0
F7,V3,LER,10,0.0,0.0,0.0,0.0,0.0,0.0,0.0,0.0,0.0,0.0
F7,V3,RAF,10,1.0,1.0,0.0,1.0,1.0,0.0,1.0,1.0,1.0,1.0
F7,V3,DAF,10,1.0,1.0,0.0,1.0,1.0,0.0,1.0,1.0,1.0,1.0
F7,V3,RRR,10,0.0,0.0,0.0,0.0,0.0,0.0,0.0,0.0,0.0,0.0
F7,V3,UAR,10,0.0,0.0,0.0,0.0,0.0,0.0,0.0,0.0,0.0,0.0
F7,V3,P95,10,46.6726,46.9785,3.751142083863704,45.252,48.43,3.1779999999999973,38.302,53.302,44.34761804886375,48.997581951136254
F7,V3,P99,10,57.102999999999994,57.2625,3.461494860124259,54.934,57.996,3.0620000000000047,51.226,64.642,54.95754325807611,59.24845674192388
F7,V3,throughput,10,1582.0066782350652,1604.2958574235095,64.26805538481169,1512.264935382221,1634.171453693922,121.90651831170112,1465.2255630561315,1655.478916375364,1542.1729248171177,1621.8404316530127
F7,V4,DER,10,0.0,0.0,0.0,0.0,0.0,0.0,0.0,0.0,0.0,0.0
F7,V4,EOER,10,0.90047,0.9008,0.003509368414211672,0.8979,0.9032,0.005299999999999971,0.8953,0.9066,0.8982948709218378,0.9026451290781622
F7,V4,LER,10,0.09953000000000001,0.0992,0.0035093684142116894,0.0968,0.1021,0.005299999999999999,0.0934,0.1047,0.09735487092183782,0.10170512907816219
F7,V4,RAF,10,1.39812,1.3968,0.014037473656846787,1.3872,1.4084,0.021200000000000108,1.3736,1.4188,1.3894194836873512,1.4068205163126488
F7,V4,DAF,10,0.90047,0.9008,0.003509368414211672,0.8979,0.9032,0.005299999999999971,0.8953,0.9066,0.8982948709218378,0.9026451290781622
F7,V4,RRR,10,0.0,0.0,0.0,0.0,0.0,0.0,0.0,0.0,0.0,0.0
F7,V4,UAR,10,0.0,0.0,0.0,0.0,0.0,0.0,0.0,0.0,0.0,0.0
F7,V4,P95,10,75.57480000000001,69.173,22.915513390617182,65.649,80.61099999999999,14.961999999999989,51.252,121.78299999999999,61.37161765097815,89.77798234902187
F7,V4,P99,10,109.4069,93.643,41.86887701821804,84.634,110.078,25.444000000000003,74.005,192.59300000000002,83.45630116759455,135.35749883240544
F7,V4,throughput,10,852.9652799941545,891.7840674894983,99.27369800609276,840.1252557198789,901.1741056484524,61.04884992857353,660.3619320909331,963.390772129531,791.4348044945484,914.4957554937605
F7,V5,DER,10,0.0,0.0,0.0,0.0,0.0,0.0,0.0,0.0,0.0,0.0
F7,V5,EOER,10,0.8997400000000001,0.8996999999999999,0.0033556585708984705,0.8987,0.9025,0.0037999999999999146,0.8941,0.9037,0.8976601412697548,0.9018198587302454
F7,V5,LER,10,0.10026000000000002,0.1003,0.0033556585708984805,0.0975,0.1013,0.003799999999999998,0.0963,0.1059,0.09818014126975468,0.10233985873024536
F7,V5,RAF,10,1.40104,1.4012,0.013422634283593941,1.39,1.4052,0.015200000000000102,1.3852,1.4236,1.3927205650790186,1.4093594349209815
F7,V5,DAF,10,0.8997400000000001,0.8996999999999999,0.0033556585708984705,0.8987,0.9025,0.0037999999999999146,0.8941,0.9037,0.8976601412697548,0.9018198587302454
F7,V5,RRR,10,0.0,0.0,0.0,0.0,0.0,0.0,0.0,0.0,0.0,0.0
F7,V5,UAR,10,0.0,0.0,0.0,0.0,0.0,0.0,0.0,0.0,0.0,0.0
F7,V5,P95,10,67.93050000000001,68.0115,9.924025720442282,61.393,73.857,12.463999999999999,50.166000000000004,85.768,61.779525132400565,74.08147486759945
F7,V5,P99,10,92.9828,94.13550000000001,12.15372866243113,83.571,102.923,19.352000000000004,70.911,110.767,85.449840931157,100.515759068843
F7,V5,throughput,10,877.4531376184126,875.3217631213745,37.720183503827826,845.7485593523948,903.761835292186,58.01327593979124,822.5066695867393,930.7101251792053,854.0739256666177,900.8323495702075
