failure_scenario,variant,failure_probability,concurrency,metric,n,mean,median,std,Q1,Q3,IQR,min,max,CI_low,CI_high
F3,V4,0.01,10,DER,10,0.0,0.0,0.0,0.0,0.0,0.0,0.0,0.0,0.0,0.0
F3,V4,0.01,10,EOER,10,1.0,1.0,0.0,1.0,1.0,0.0,1.0,1.0,1.0,1.0
F3,V4,0.01,10,RSR,10,0.0,0.0,0.0,0.0,0.0,0.0,0.0,0.0,0.0,0.0
F3,V4,0.01,10,UAR,10,0.009899999999999999,0.00955,0.0016227548592850781,0.0088,0.0101,0.001299999999999999,0.0085,0.0142,0.00889420611786841,0.010905793882131589
F3,V4,0.01,10,RAF,10,1.0396,1.0382,0.006491019437140313,1.0352,1.0404,0.0052000000000000934,1.034,1.0568,1.0355768244714738,1.0436231755285263
F3,V4,0.01,10,DAF,10,1.0,1.0,0.0,1.0,1.0,0.0,1.0,1.0,1.0,1.0
F3,V4,0.01,10,P95,10,12.3206,11.252500000000001,2.8948133388297537,11.001,11.302,0.30100000000000016,9.983,19.093,10.526376103859203,14.114823896140798
F3,V4,0.01,10,P99,10,17.619500000000002,16.0345,5.049537696110847,14.642,16.615000000000002,1.9730000000000025,13.346,29.743,14.489764110884472,20.749235889115532
F3,V4,0.01,50,DER,10,0.0,0.0,0.0,0.0,0.0,0.0,0.0,0.0,0.0,0.0
F3,V4,0.01,50,EOER,10,1.0,1.0,0.0,1.0,1.0,0.0,1.0,1.0,1.0,1.0
F3,V4,0.01,50,RSR,10,0.0,0.0,0.0,0.0,0.0,0.0,0.0,0.0,0.0,0.0
F3,V4,0.01,50,UAR,10,0.01021,0.01,0.0010038260141412292,0.0097,0.0101,0.0003999999999999993,0.0092,0.0128,0.009587822190473924,0.010832177809526077
F3,V4,0.01,50,RAF,10,1.04084,1.04,0.0040153040565648855,1.0388,1.0404,0.0016000000000000458,1.0368,1.0512,1.0383512887618958,1.0433287112381042
F3,V4,0.01,50,DAF,10,1.0,1.0,0.0,1.0,1.0,0.0,1.0,1.0,1.0,1.0
F3,V4,0.01,50,P95,10,48.6814,48.611999999999995,5.99654111782599,45.141,51.604,6.463000000000001,40.726,61.252,44.964705309024275,52.39809469097572
F3,V4,0.01,50,P99,10,71.6064,71.9825,13.644974917122012,58.84,84.355,25.515,53.862,91.074,63.14915692662132,80.06364307337867
F3,V4,0.05,10,DER,10,0.0,0.0,0.0,0.0,0.0,0.0,0.0,0.0,0.0,0.0
F3,V4,0.05,10,EOER,10,1.0,1.0,0.0,1.0,1.0,0.0,1.0,1.0,1.0,1.0
F3,V4,0.05,10,RSR,10,0.0,0.0,0.0,0.0,0.0,0.0,0.0,0.0,0.0,0.0
F3,V4,0.05,10,UAR,10,0.050530000000000005,0.0509,0.002160272616541203,0.0491,0.0523,0.0032000000000000015,0.0463,0.0533,0.0491910491603083,0.05186895083969171
F3,V4,0.05,10,RAF,10,1.2021199999999999,1.2036,0.008641090466164843,1.1964,1.2092,0.012800000000000145,1.1852,1.2132,1.196764196641233,1.2074758033587667
F3,V4,0.05,10,DAF,10,1.0,1.0,0.0,1.0,1.0,0.0,1.0,1.0,1.0,1.0
F3,V4,0.05,10,P95,10,16.029200000000003,16.942,2.713370998919569,14.392,17.514000000000003,3.1220000000000034,11.655,20.538,14.34743523124811,17.710964768751897
F3,V4,0.05,10,P99,10,24.3646,22.6905,2.662256736930783,22.354,27.281000000000002,4.927000000000003,22.071,29.143000000000004,22.71451617905352,26.01468382094648
F3,V4,0.05,50,DER,10,0.0,0.0,0.0,0.0,0.0,0.0,0.0,0.0,0.0,0.0
F3,V4,0.05,50,EOER,10,1.0,1.0,0.0,1.0,1.0,0.0,1.0,1.0,1.0,1.0
F3,V4,0.05,50,RSR,10,0.0,0.0,0.0,0.0,0.0,0.0,0.0,0.0,0.0,0.0
F3,V4,0.05,50,UAR,10,0.04859000000000001,0.0484,0.0019930155822549685,0.0468,0.0501,0.0032999999999999974,0.0464,0.0522,0.04735471614418207,0.04982528385581795
F3,V4,0.05,50,RAF,10,1.19436,1.1936,0.007972062329019914,1.1872,1.2004,0.013199999999999878,1.1856,1.2088,1.1894188645767283,1.1993011354232719
F3,V4,0.05,50,DAF,10,1.0,1.0,0.0,1.0,1.0,0.0,1.0,1.0,1.0,1.0
F3,V4,0.05,50,P95,10,48.964400000000005,46.0685,12.011741452058946,43.118,57.583000000000006,14.465000000000003,31.262,74.254,41.51944551590137,56.40935448409864
F3,V4,0.05,50,P99,10,99.6806,102.616,19.500963367656137,89.616,110.25399999999999,20.63799999999999,58.01,129.789,87.59377768137702,111.76742231862298
F3,V4,0.1,10,DER,10,0.0,0.0,0.0,0.0,0.0,0.0,0.0,0.0,0.0,0.0
F3,V4,0.1,10,EOER,10,1.0,1.0,0.0,1.0,1.0,0.0,1.0,1.0,1.0,1.0
F3,V4,0.1,10,RSR,10,0.0,0.0,0.0,0.0,0.0,0.0,0.0,0.0,0.0,0.0
F3,V4,0.1,10,UAR,10,0.10013999999999998,0.09985,0.003316356769441763,0.0972,0.1018,0.004600000000000007,0.0955,0.1055,0.09808450077866983,0.10219549922133013
F3,V4,0.1,10,RAF,10,1.40056,1.3994,0.013265427077767062,1.3888,1.4072,0.018399999999999972,1.382,1.422,1.3923380031146795,1.4087819968853206
F3,V4,0.1,10,DAF,10,1.0,1.0,0.0,1.0,1.0,0.0,1.0,1.0,1.0,1.0
F3,V4,0.1,10,P95,10,23.106900000000003,22.2915,2.222953613251221,21.474,24.101000000000003,2.6270000000000024,21.129,27.821999999999996,21.72909907604812,24.484700923951888
F3,V4,0.1,10,P99,10,27.2464,26.0245,2.9999265620641076,24.843,28.913999999999998,4.070999999999998,24.372999999999998,33.175,25.387026253125235,29.105773746874767
F3,V4,0.1,50,DER,70,0.0,0.0,0.0,0.0,0.0,0.0,0.0,0.0,0.0,0.0
F3,V4,0.1,50,EOER,70,1.0,1.0,0.0,1.0,1.0,0.0,1.0,1.0,1.0,1.0
F3,V4,0.1,50,RSR,70,0.0,0.0,0.0,0.0,0.0,0.0,0.0,0.0,0.0,0.0
F3,V4,0.1,50,UAR,70,0.09982571428571425,0.1002,0.002767392206993652,0.0983,0.1019,0.003600000000000006,0.0933,0.105,0.09917741168326087,0.10047401688816764
F3,V4,0.1,50,RAF,70,1.3993028571428574,1.4008,0.011069568827974597,1.3932,1.4076,0.014399999999999968,1.3732,1.42,1.396709646733044,1.4018960675526708
F3,V4,0.1,50,DAF,70,1.0,1.0,0.0,1.0,1.0,0.0,1.0,1.0,1.0,1.0
F3,V4,0.1,50,P95,70,64.84385714285713,56.6845,23.29142485002825,45.272,81.995,36.723000000000006,33.875,145.594,59.38749598560563,70.30021830010863
F3,V4,0.1,50,P99,70,97.1719285714286,80.9345,41.421516425232895,66.501,120.356,53.85499999999999,49.537,209.30800000000002,87.46832500263183,106.87553214022536
F3,V4,0.2,10,DER,10,0.0,0.0,0.0,0.0,0.0,0.0,0.0,0.0,0.0,0.0
F3,V4,0.2,10,EOER,10,1.0,1.0,0.0,1.0,1.0,0.0,1.0,1.0,1.0,1.0
F3,V4,0.2,10,RSR,10,0.0,0.0,0.0,0.0,0.0,0.0,0.0,0.0,0.0,0.0
F3,V4,0.2,10,UAR,10,0.20057,0.2019,0.003220438203447199,0.1989,0.2024,0.003500000000000003,0.1941,0.2038,0.1985739517218041,0.2025660482781959
F3,V4,0.2,10,RAF,10,1.80228,1.8075999999999999,0.012881752813788777,1.7956,1.8096,0.014000000000000012,1.7764,1.8152,1.7942958068872163,1.8102641931127839
F3,V4,0.2,10,DAF,10,1.0,1.0,0.0,1.0,1.0,0.0,1.0,1.0,1.0,1.0
F3,V4,0.2,10,P95,10,27.6051,26.8585,2.758784694188528,25.76,27.237000000000002,1.4770000000000003,25.197000000000003,33.032000000000004,25.89518753130122,29.31501246869878
F3,V4,0.2,10,P99,10,31.3462,30.173,3.508765873573722,29.19,30.843,1.6529999999999987,28.196999999999996,38.05800000000001,29.17144438039438,33.52095561960562
F3,V4,0.2,50,DER,10,0.0,0.0,0.0,0.0,0.0,0.0,0.0,0.0,0.0,0.0
F3,V4,0.2,50,EOER,10,1.0,1.0,0.0,1.0,1.0,0.0,1.0,1.0,1.0,1.0
F3,V4,0.2,50,RSR,10,0.0,0.0,0.0,0.0,0.0,0.0,0.0,0.0,0.0,0.0
F3,V4,0.2,50,UAR,10,0.20068999999999998,0.2025,0.004247208233390234,0.1976,0.2035,0.005899999999999989,0.1941,0.2067,0.19805755306395148,0.20332244693604848
F3,V4,0.2,50,RAF,10,1.80276,1.81,0.016988832933560932,1.7904,1.814,0.023600000000000065,1.7764,1.8268,1.792230212255806,1.8132897877441938
F3,V4,0.2,50,DAF,10,1.0,1.0,0.0,1.0,1.0,0.0,1.0,1.0,1.0,1.0
F3,V4,0.2,50,P95,10,27.354000000000003,27.35,1.8072746824370052,26.694000000000003,29.057000000000002,2.3629999999999995,23.408,29.781000000000002,26.23383954660455,28.474160453395456
F3,V4,0.2,50,P99,10,33.345600000000005,32.838499999999996,2.7283678963398224,32.323,35.645,3.3220000000000027,28.537,37.263000000000005,31.654540057926067,35.036659942073946
F3,V5,0.01,10,DER,10,0.0,0.0,0.0,0.0,0.0,0.0,0.0,0.0,0.0,0.0
F3,V5,0.01,10,EOER,10,1.0,1.0,0.0,1.0,1.0,0.0,1.0,1.0,1.0,1.0
F3,V5,0.01,10,RSR,10,0.009729999999999999,0.0095,0.0010078028907810625,0.009,0.0103,0.0013000000000000008,0.0085,0.0115,0.009105357296795466,0.010354642703204532
F3,V5,0.01,10,UAR,10,0.0,0.0,0.0,0.0,0.0,0.0,0.0,0.0,0.0,0.0
F3,V5,0.01,10,RAF,10,1.0097299999999998,1.0095,0.0010078028907810732,1.009,1.0103,0.0013000000000000789,1.0085,1.0115,1.0091053572967952,1.0103546427032044
F3,V5,0.01,10,DAF,10,1.0,1.0,0.0,1.0,1.0,0.0,1.0,1.0,1.0,1.0
F3,V5,0.01,10,P95,10,13.6534,12.559999999999999,2.5196798385685613,12.39,14.235,1.8449999999999989,11.102,18.355,12.091686256200722,15.215113743799277
F3,V5,0.01,10,P99,10,17.632600000000004,16.594500000000004,3.429538718577503,15.865,18.529,2.6639999999999997,13.76,24.366,15.506949879809738,19.75825012019027
F3,V5,0.01,50,DER,10,0.0,0.0,0.0,0.0,0.0,0.0,0.0,0.0,0.0,0.0
F3,V5,0.01,50,EOER,10,1.0,1.0,0.0,1.0,1.0,0.0,1.0,1.0,1.0,1.0
F3,V5,0.01,50,RSR,10,0.010409999999999999,0.0105,0.0014137813755237326,0.0098,0.0113,0.0014999999999999996,0.0078,0.0124,0.009533729225004558,0.01128627077499544
F3,V5,0.01,50,UAR,10,0.0,0.0,0.0,0.0,0.0,0.0,0.0,0.0,0.0,0.0
F3,V5,0.01,50,RAF,10,1.0104099999999998,1.0105,0.0014137813755237304,1.0098,1.0113,0.0015000000000000568,1.0078,1.0124,1.0095337292250044,1.0112862707749952
F3,V5,0.01,50,DAF,10,1.0,1.0,0.0,1.0,1.0,0.0,1.0,1.0,1.0,1.0
F3,V5,0.01,50,P95,10,48.4672,52.69,12.415623086346582,42.302,55.116,12.814,18.908,62.682,40.77191708548718,56.162482914512815
F3,V5,0.01,50,P99,10,62.05440000000001,66.5485,14.697414384850145,58.325,69.321,10.995999999999995,25.027,78.847,52.944848186396,71.16395181360402
F3,V5,0.05,10,DER,10,0.0,0.0,0.0,0.0,0.0,0.0,0.0,0.0,0.0,0.0
F3,V5,0.05,10,EOER,10,1.0,1.0,0.0,1.0,1.0,0.0,1.0,1.0,1.0,1.0
F3,V5,0.05,10,RSR,10,0.049120000000000004,0.0487,0.002548550786449254,0.0479,0.0516,0.003700000000000002,0.0444,0.0522,0.04754039185731257,0.05069960814268744
F3,V5,0.05,10,UAR,10,0.0,0.0,0.0,0.0,0.0,0.0,0.0,0.0,0.0,0.0
F3,V5,0.05,10,RAF,10,1.0491199999999998,1.0487,0.002548550786449267,1.0479,1.0516,0.0037000000000000366,1.0444,1.0522,1.0475403918573123,1.0506996081426874
F3,V5,0.05,10,DAF,10,1.0,1.0,0.0,1.0,1.0,0.0,1.0,1.0,1.0,1.0
F3,V5,0.05,10,P95,10,15.6363,14.6035,2.965017783345583,13.965,15.391,1.4260000000000002,12.562,22.058,13.798562938337962,17.474037061662038
F3,V5,0.05,10,P99,10,20.928,19.801,4.038822270580043,18.907,20.528,1.6209999999999987,16.324,29.633,18.424712021829425,23.431287978170577
F3,V5,0.05,50,DER,10,0.0,0.0,0.0,0.0,0.0,0.0,0.0,0.0,0.0,0.0
F3,V5,0.05,50,EOER,10,1.0,1.0,0.0,1.0,1.0,0.0,1.0,1.0,1.0,1.0
F3,V5,0.05,50,RSR,10,0.05011,0.0504,0.0024973096635290443,0.0484,0.0513,0.0029,0.0454,0.0544,0.048562151434337904,0.0516578485656621
F3,V5,0.05,50,UAR,10,0.0,0.0,0.0,0.0,0.0,0.0,0.0,0.0,0.0,0.0
F3,V5,0.05,50,RAF,10,1.0501099999999999,1.0504,0.00249730966352901,1.0484,1.0513,0.0028999999999999027,1.0454,1.0544,1.0485621514343377,1.051657848565662
F3,V5,0.05,50,DAF,10,1.0,1.0,0.0,1.0,1.0,0.0,1.0,1.0,1.0,1.0
F3,V5,0.05,50,P95,10,65.83800000000001,65.72550000000001,3.28519869177565,64.119,66.966,2.846999999999994,60.245,72.922,63.80181275528557,67.87418724471445
F3,V5,0.05,50,P99,10,88.0816,88.0005,4.194845599065594,85.673,88.973,3.299999999999997,80.967,97.508,85.48160776094696,90.68159223905303
F3,V5,0.1,10,DER,10,0.0,0.0,0.0,0.0,0.0,0.0,0.0,0.0,0.0,0.0
F3,V5,0.1,10,EOER,10,1.0,1.0,0.0,1.0,1.0,0.0,1.0,1.0,1.0,1.0
F3,V5,0.1,10,RSR,10,0.10060999999999998,0.10155,0.00303697583497502,0.0979,0.1023,0.004400000000000001,0.096,0.1056,0.09872766287586708,0.10249233712413287
F3,V5,0.1,10,UAR,10,0.0,0.0,0.0,0.0,0.0,0.0,0.0,0.0,0.0,0.0
F3,V5,0.1,10,RAF,10,1.10061,1.10155,0.003036975834974992,1.0979,1.1023,0.0043999999999999595,1.096,1.1056,1.0987276628758673,1.1024923371241329
F3,V5,0.1,10,DAF,10,1.0,1.0,0.0,1.0,1.0,0.0,1.0,1.0,1.0,1.0
F3,V5,0.1,10,P95,10,18.5707,18.439500000000002,1.6523558299860497,17.735999999999997,18.729,0.9930000000000021,16.265,21.523,17.54655924614848,19.594840753851518
F3,V5,0.1,10,P99,10,22.8583,21.9965,3.3209225977128707,21.544,22.618000000000002,1.0740000000000016,18.955,29.327,20.799970848988433,24.916629151011566
F3,V5,0.1,50,DER,70,0.0,0.0,0.0,0.0,0.0,0.0,0.0,0.0,0.0,0.0
F3,V5,0.1,50,EOER,70,1.0,1.0,0.0,1.0,1.0,0.0,1.0,1.0,1.0,1.0
F3,V5,0.1,50,RSR,70,0.07087428571428568,0.0975,0.04522465239518166,0.0,0.1007,0.1007,0.0,0.108,0.06027974122986051,0.08146883019871085
F3,V5,0.1,50,UAR,70,0.028761428571428573,0.0,0.04586022334099702,0.0,0.0974,0.0974,0.0,0.1143,0.018017992181774158,0.03950486496108299
F3,V5,0.1,50,RAF,70,1.1859199999999999,1.10115,0.1383904742470335,1.0976,1.3896,0.29200000000000004,1.0931,1.4572,1.1534999822004357,1.218340017799564
F3,V5,0.1,50,DAF,70,1.0,1.0,0.0,1.0,1.0,0.0,1.0,1.0,1.0,1.0
F3,V5,0.1,50,P95,70,103.63731428571425,77.485,54.57402617308322,68.787,121.69200000000001,52.905,34.009,258.343,90.85254055362218,116.42208801780633
F3,V5,0.1,50,P99,70,138.20367142857145,106.38000000000001,70.6028782401187,88.75800000000001,182.25400000000002,93.49600000000001,50.373000000000005,361.971,121.66390175367872,154.7434411034642
F3,V5,0.2,10,DER,10,0.0,0.0,0.0,0.0,0.0,0.0,0.0,0.0,0.0,0.0
F3,V5,0.2,10,EOER,10,1.0,1.0,0.0,1.0,1.0,0.0,1.0,1.0,1.0,1.0
F3,V5,0.2,10,RSR,10,0.19966,0.19995000000000002,0.003726541440949119,0.1969,0.2012,0.004299999999999998,0.1955,0.2078,0.1973502656853126,0.2019697343146874
F3,V5,0.2,10,UAR,10,0.0,0.0,0.0,0.0,0.0,0.0,0.0,0.0,0.0,0.0
F3,V5,0.2,10,RAF,10,1.1996600000000002,1.1999499999999999,0.003726541440949099,1.1969,1.2012,0.0042999999999999705,1.1955,1.2078,1.1973502656853128,1.2019697343146876
F3,V5,0.2,10,DAF,10,1.0,1.0,0.0,1.0,1.0,0.0,1.0,1.0,1.0,1.0
F3,V5,0.2,10,P95,10,19.875200000000003,18.4805,2.9957185300209885,17.988999999999997,22.839,4.850000000000001,15.953,24.653,18.01843441840699,21.731965581593016
F3,V5,0.2,10,P99,10,23.630399999999998,20.7865,5.593796170759175,20.075,25.992,5.917000000000002,18.490000000000002,33.733000000000004,20.163329213399873,27.097470786600123
F3,V5,0.2,50,DER,10,0.0,0.0,0.0,0.0,0.0,0.0,0.0,0.0,0.0,0.0
F3,V5,0.2,50,EOER,10,1.0,1.0,0.0,1.0,1.0,0.0,1.0,1.0,1.0,1.0
F3,V5,0.2,50,RSR,10,0.20097,0.2013,0.004722769902880678,0.1979,0.2056,0.007700000000000012,0.1911,0.206,0.19804279688743295,0.20389720311256707
F3,V5,0.2,50,UAR,10,0.0,0.0,0.0,0.0,0.0,0.0,0.0,0.0,0.0,0.0
F3,V5,0.2,50,RAF,10,1.20097,1.2012999999999998,0.004722769902880659,1.1979,1.2056,0.00770000000000004,1.1911,1.206,1.198042796887433,1.2038972031125672
F3,V5,0.2,50,DAF,10,1.0,1.0,0.0,1.0,1.0,0.0,1.0,1.0,1.0,1.0
F3,V5,0.2,50,P95,10,75.14859999999999,80.7235,17.09708716061826,69.55499999999999,85.279,15.724000000000004,32.792,94.05799999999999,64.55171559073294,85.74548440926704
F3,V5,0.2,50,P99,10,94.9654,100.4915,19.972542870428672,91.803,105.595,13.792000000000002,42.778999999999996,114.08699999999999,82.5862896773613,107.34451032263871
F8,V4,0.01,10,DER,10,0.0,0.0,0.0,0.0,0.0,0.0,0.0,0.0,0.0,0.0
F8,V4,0.01,10,EOER,10,1.0,1.0,0.0,1.0,1.0,0.0,1.0,1.0,1.0,1.0
F8,V4,0.01,10,RSR,10,0.0,0.0,0.0,0.0,0.0,0.0,0.0,0.0,0.0,0.0
F8,V4,0.01,10,UAR,10,0.009940000000000001,0.0103,0.0011964763079792076,0.0089,0.0105,0.0016000000000000007,0.0076,0.0117,0.009198416301269897,0.010681583698730105
F8,V4,0.01,10,RAF,10,1.03976,1.0412,0.004785905231916841,1.0356,1.042,0.006399999999999961,1.0304,1.0468,1.0367936652050795,1.0427263347949205
F8,V4,0.01,10,DAF,10,1.0,1.0,0.0,1.0,1.0,0.0,1.0,1.0,1.0,1.0
F8,V4,0.01,10,P95,10,11.3089,10.460999999999999,1.4999794405998446,10.147,12.647,2.5,9.771,13.874,10.379203110758732,12.238596889241267
F8,V4,0.01,10,P99,10,16.543400000000002,15.59,3.0514560531727217,13.969,20.251,6.282000000000002,12.487,21.039,14.652087943645002,18.434712056355
F8,V4,0.01,50,DER,10,0.0,0.0,0.0,0.0,0.0,0.0,0.0,0.0,0.0,0.0
F8,V4,0.01,50,EOER,10,1.0,1.0,0.0,1.0,1.0,0.0,1.0,1.0,1.0,1.0
F8,V4,0.01,50,RSR,10,0.0,0.0,0.0,0.0,0.0,0.0,0.0,0.0,0.0,0.0
F8,V4,0.01,50,UAR,10,0.0099,0.009600000000000001,0.0009966610925150705,0.0089,0.0106,0.0017000000000000001,0.0089,0.0119,0.009282263054906596,0.010517736945093406
F8,V4,0.01,50,RAF,10,1.0396,1.0384,0.00398664437006028,1.0356,1.0424,0.006799999999999917,1.0356,1.0476,1.0371290522196264,1.0420709477803738
F8,V4,0.01,50,DAF,10,1.0,1.0,0.0,1.0,1.0,0.0,1.0,1.0,1.0,1.0
F8,V4,0.01,50,P95,10,39.4488,42.691500000000005,8.476314316965835,37.905,43.703,5.798000000000002,21.161,49.019,34.195125956599135,44.70247404340086
F8,V4,0.01,50,P99,10,57.8981,56.703,9.25081404766329,52.54,65.966,13.425999999999995,44.224999999999994,71.554,52.1643860501457,63.6318139498543
F8,V4,0.05,10,DER,10,0.0,0.0,0.0,0.0,0.0,0.0,0.0,0.0,0.0,0.0
F8,V4,0.05,10,EOER,10,1.0,1.0,0.0,1.0,1.0,0.0,1.0,1.0,1.0,1.0
F8,V4,0.05,10,RSR,10,0.0,0.0,0.0,0.0,0.0,0.0,0.0,0.0,0.0,0.0
F8,V4,0.05,10,UAR,10,0.050870000000000005,0.051699999999999996,0.0026356740651639343,0.0488,0.053,0.004199999999999995,0.0457,0.0535,0.049236392289712404,0.05250360771028761
F8,V4,0.05,10,RAF,10,1.2034800000000003,1.2067999999999999,0.010542696260655699,1.1952,1.212,0.016799999999999926,1.1828,1.214,1.19694556915885,1.2100144308411507
F8,V4,0.05,10,DAF,10,1.0,1.0,0.0,1.0,1.0,0.0,1.0,1.0,1.0,1.0
F8,V4,0.05,10,P95,10,20.5405,20.708,2.898310245259774,19.12,21.995,2.875,15.545,26.346999999999998,18.744108698798865,22.33689130120114
F8,V4,0.05,10,P99,10,32.7777,31.375,2.9775882130789455,30.995,36.227000000000004,5.232000000000003,30.162,37.941,30.932171705269557,34.623228294730445
F8,V4,0.05,50,DER,10,0.0,0.0,0.0,0.0,0.0,0.0,0.0,0.0,0.0,0.0
F8,V4,0.05,50,EOER,10,1.0,1.0,0.0,1.0,1.0,0.0,1.0,1.0,1.0,1.0
F8,V4,0.05,50,RSR,10,0.0,0.0,0.0,0.0,0.0,0.0,0.0,0.0,0.0,0.0
F8,V4,0.05,50,UAR,10,0.0501,0.05015,0.0027426669907632283,0.0482,0.0508,0.002599999999999998,0.0462,0.0549,0.04840007738738233,0.05179992261261767
F8,V4,0.05,50,RAF,10,1.2004000000000001,1.2006000000000001,0.010970667963052908,1.1928,1.2032,0.010399999999999965,1.1848,1.2196,1.1936003095495296,1.2071996904504707
F8,V4,0.05,50,DAF,10,1.0,1.0,0.0,1.0,1.0,0.0,1.0,1.0,1.0,1.0
F8,V4,0.05,50,P95,10,28.5837,25.0085,11.779238157311646,23.554000000000002,26.524,2.969999999999999,21.994,61.714,21.282852550980767,35.88454744901924
F8,V4,0.05,50,P99,10,50.1419,42.175999999999995,25.51213750550902,40.389,45.664,5.274999999999999,32.897,121.517,34.329313350624254,65.95448664937574
F8,V4,0.1,10,DER,10,0.0,0.0,0.0,0.0,0.0,0.0,0.0,0.0,0.0,0.0
F8,V4,0.1,10,EOER,10,1.0,1.0,0.0,1.0,1.0,0.0,1.0,1.0,1.0,1.0
F8,V4,0.1,10,RSR,10,0.0,0.0,0.0,0.0,0.0,0.0,0.0,0.0,0.0,0.0
F8,V4,0.1,10,UAR,10,0.09954,0.09905,0.0029807530741221893,0.0963,0.102,0.005699999999999997,0.096,0.1035,0.09769251010407214,0.10138748989592787
F8,V4,0.1,10,RAF,10,1.3981599999999998,1.3961999999999999,0.011923012296488747,1.3852,1.408,0.02279999999999993,1.384,1.414,1.3907700404162884,1.4055499595837113
F8,V4,0.1,10,DAF,10,1.0,1.0,0.0,1.0,1.0,0.0,1.0,1.0,1.0,1.0
F8,V4,0.1,10,P95,10,33.414,32.6055,3.1476045565547834,31.047,36.975,5.928000000000001,29.679000000000002,38.272,31.463094483841473,35.36490551615853
F8,V4,0.1,10,P99,10,42.025200000000005,40.7855,3.439106337408019,39.867,46.34,6.473000000000006,38.229,47.028999999999996,39.893619808221146,44.156780191778864
F8,V4,0.1,50,DER,70,0.0,0.0,0.0,0.0,0.0,0.0,0.0,0.0,0.0,0.0
F8,V4,0.1,50,EOER,70,1.0,1.0,0.0,1.0,1.0,0.0,1.0,1.0,1.0,1.0
F8,V4,0.1,50,RSR,70,0.0,0.0,0.0,0.0,0.0,0.0,0.0,0.0,0.0,0.0
F8,V4,0.1,50,UAR,70,0.10012142857142858,0.1002,0.0028728056708312607,0.098,0.1021,0.0040999999999999925,0.093,0.1062,0.0994484313041688,0.10079442583868836
F8,V4,0.1,50,RAF,70,1.4004857142857141,1.4008,0.011491222683325055,1.392,1.4084,0.016400000000000192,1.372,1.4248,1.397793725216675,1.4031777033547532
F8,V4,0.1,50,DAF,70,1.0,1.0,0.0,1.0,1.0,0.0,1.0,1.0,1.0,1.0
F8,V4,0.1,50,P95,70,22.705899999999993,21.735,4.316604063616326,20.084,23.155,3.0710000000000015,18.912,49.461999999999996,21.694671580287338,23.717128419712648
F8,V4,0.1,50,P99,70,29.714414285714273,27.7905,7.875087997654848,25.112000000000002,30.925,5.812999999999999,22.856,76.377,27.86955831245297,31.559270258975577
F8,V4,0.2,10,DER,10,0.0,0.0,0.0,0.0,0.0,0.0,0.0,0.0,0.0,0.0
F8,V4,0.2,10,EOER,10,1.0,1.0,0.0,1.0,1.0,0.0,1.0,1.0,1.0,1.0
F8,V4,0.2,10,RSR,10,0.0,0.0,0.0,0.0,0.0,0.0,0.0,0.0,0.0,0.0
F8,V4,0.2,10,UAR,10,0.20052999999999996,0.20095,0.004534325871737834,0.1984,0.2044,0.006000000000000005,0.1912,0.2067,0.19771959570800843,0.2033404042919915
F8,V4,0.2,10,RAF,10,1.80212,1.8037999999999998,0.018137303486951376,1.7936,1.8176,0.02400000000000002,1.7648,1.8268,1.7908783828320338,1.813361617167966
F8,V4,0.2,10,DAF,10,1.0,1.0,0.0,1.0,1.0,0.0,1.0,1.0,1.0,1.0
F8,V4,0.2,10,P95,10,42.847699999999996,42.804,2.1586680075145113,41.906,43.446999999999996,1.5409999999999968,38.839,46.625,41.509743707286866,44.18565629271313
F8,V4,0.2,10,P99,10,50.16159999999999,49.53699999999999,2.910144028509014,49.251999999999995,50.215,0.9630000000000081,45.40599999999999,55.56099999999999,48.357874043951604,51.96532595604838
F8,V4,0.2,50,DER,10,0.0,0.0,0.0,0.0,0.0,0.0,0.0,0.0,0.0,0.0
F8,V4,0.2,50,EOER,10,1.0,1.0,0.0,1.0,1.0,0.0,1.0,1.0,1.0,1.0
F8,V4,0.2,50,RSR,10,0.0,0.0,0.0,0.0,0.0,0.0,0.0,0.0,0.0,0.0
F8,V4,0.2,50,UAR,10,0.19968999999999998,0.19905,0.0024214091397825,0.198,0.2014,0.0033999999999999864,0.1966,0.2043,0.19818919506634308,0.20119080493365687
F8,V4,0.2,50,RAF,10,1.7987600000000001,1.7962,0.009685636559129995,1.792,1.8056,0.013600000000000056,1.7864,1.8172,1.7927567802653726,1.8047632197346277
F8,V4,0.2,50,DAF,10,1.0,1.0,0.0,1.0,1.0,0.0,1.0,1.0,1.0,1.0
F8,V4,0.2,50,P95,10,24.2055,23.366,2.0112791535073735,22.976,26.443000000000005,3.467000000000006,21.816000000000003,27.808,22.95889626544225,25.452103734557753
F8,V4,0.2,50,P99,10,29.694799999999997,28.195,3.52555400847394,27.48,32.114000000000004,4.634000000000004,26.255000000000003,37.4,27.50963898658001,31.879961013419983
F8,V5,0.01,10,DER,10,0.0,0.0,0.0,0.0,0.0,0.0,0.0,0.0,0.0,0.0
F8,V5,0.01,10,EOER,10,1.0,1.0,0.0,1.0,1.0,0.0,1.0,1.0,1.0,1.0
F8,V5,0.01,10,RSR,10,0.01048,0.0106,0.0011612254063894933,0.0096,0.0113,0.0017000000000000001,0.0085,0.0121,0.009760265036435093,0.011199734963564906
F8,V5,0.01,10,UAR,10,0.0,0.0,0.0,0.0,0.0,0.0,0.0,0.0,0.0,0.0
F8,V5,0.01,10,RAF,10,1.02096,1.0211999999999999,0.002322450812779005,1.0192,1.0226,0.0033999999999998476,1.017,1.0242,1.0195205300728702,1.02239946992713
F8,V5,0.01,10,DAF,10,1.0,1.0,0.0,1.0,1.0,0.0,1.0,1.0,1.0,1.0
F8,V5,0.01,10,P95,10,11.704900000000002,10.9825,1.3673000524147334,10.931,12.632,1.7010000000000005,10.821,14.873,10.857438647542361,12.552361352457643
F8,V5,0.01,10,P99,10,14.6166,13.7745,2.0970916474436154,13.46,15.735999999999999,2.275999999999998,12.898,19.909,13.316809130664817,15.916390869335183
F8,V5,0.01,50,DER,10,0.0,0.0,0.0,0.0,0.0,0.0,0.0,0.0,0.0,0.0
F8,V5,0.01,50,EOER,10,1.0,1.0,0.0,1.0,1.0,0.0,1.0,1.0,1.0,1.0
F8,V5,0.01,50,RSR,10,0.009989999999999999,0.00975,0.0011298475806742943,0.0095,0.0102,0.000700000000000001,0.0086,0.0125,0.009289713214302723,0.010690286785697275
F8,V5,0.01,50,UAR,10,0.0,0.0,0.0,0.0,0.0,0.0,0.0,0.0,0.0,0.0
F8,V5,0.01,50,RAF,10,1.0199799999999999,1.0195,0.0022596951613485404,1.019,1.0204,0.0014000000000000679,1.0172,1.025,1.0185794264286054,1.0213805735713943
F8,V5,0.01,50,DAF,10,1.0,1.0,0.0,1.0,1.0,0.0,1.0,1.0,1.0,1.0
F8,V5,0.01,50,P95,10,43.69169999999999,47.973,9.854585667483834,44.647,49.119,4.472000000000001,19.016,49.265,37.583764523126064,49.79963547687392
F8,V5,0.01,50,P99,10,61.881299999999996,66.4015,15.376920671722424,59.693,68.39399999999999,8.700999999999993,25.436,80.064,52.35058582641564,71.41201417358435
F8,V5,0.05,10,DER,10,0.0,0.0,0.0,0.0,0.0,0.0,0.0,0.0,0.0,0.0
F8,V5,0.05,10,EOER,10,1.0,1.0,0.0,1.0,1.0,0.0,1.0,1.0,1.0,1.0
F8,V5,0.05,10,RSR,10,0.05073,0.0504,0.0020155230917390495,0.0498,0.0522,0.0024000000000000063,0.0469,0.0541,0.049480765845274256,0.05197923415472574
F8,V5,0.05,10,UAR,10,0.0,0.0,0.0,0.0,0.0,0.0,0.0,0.0,0.0,0.0
F8,V5,0.05,10,RAF,10,1.1014599999999999,1.1008,0.0040310461834780825,1.0996,1.1044,0.0048000000000001375,1.0938,1.1082,1.0989615316905483,1.1039584683094514
F8,V5,0.05,10,DAF,10,1.0,1.0,0.0,1.0,1.0,0.0,1.0,1.0,1.0,1.0
F8,V5,0.05,10,P95,10,13.917600000000002,13.088000000000001,2.0520496636831727,12.561,14.676000000000002,2.115000000000002,12.017,18.115,12.64572644143182,15.189473558568183
F8,V5,0.05,10,P99,10,19.1271,17.6025,3.5026243002767057,16.661,20.861,4.199999999999999,16.204,26.418,16.956150966961324,21.298049033038673
F8,V5,0.05,50,DER,10,0.0,0.0,0.0,0.0,0.0,0.0,0.0,0.0,0.0,0.0
F8,V5,0.05,50,EOER,10,1.0,1.0,0.0,1.0,1.0,0.0,1.0,1.0,1.0,1.0
F8,V5,0.05,50,RSR,10,0.04914,0.05035,0.0028488594208911045,0.0478,0.0508,0.0029999999999999957,0.0428,0.0525,0.04737425863728575,0.05090574136271426
F8,V5,0.05,50,UAR,10,0.0,0.0,0.0,0.0,0.0,0.0,0.0,0.0,0.0,0.0
F8,V5,0.05,50,RAF,10,1.09828,1.1007,0.005697718841782236,1.0956,1.1016,0.006000000000000005,1.0856,1.105,1.0947485172745715,1.1018114827254284
F8,V5,0.05,50,DAF,10,1.0,1.0,0.0,1.0,1.0,0.0,1.0,1.0,1.0,1.0
F8,V5,0.05,50,P95,10,38.2451,37.881,2.9911031576995155,36.699,39.398,2.699000000000005,33.477,44.830000000000005,36.39119505580896,40.099004944191044
F8,V5,0.05,50,P99,10,60.595499999999994,59.055499999999995,5.1145492089832425,58.57000000000001,62.105,3.5349999999999895,54.875,72.967,57.42546955774168,63.76553044225831
F8,V5,0.1,10,DER,10,0.0,0.0,0.0,0.0,0.0,0.0,0.0,0.0,0.0,0.0
F8,V5,0.1,10,EOER,10,1.0,1.0,0.0,1.0,1.0,0.0,1.0,1.0,1.0,1.0
F8,V5,0.1,10,RSR,10,0.09913,0.10055,0.0029825604212935356,0.0962,0.101,0.004800000000000013,0.0948,0.1036,0.09728138989868965,0.10097861010131035
F8,V5,0.1,10,UAR,10,0.0,0.0,0.0,0.0,0.0,0.0,0.0,0.0,0.0,0.0
F8,V5,0.1,10,RAF,10,1.1982599999999999,1.2011,0.00596512084258708,1.1924,1.202,0.009600000000000053,1.1896,1.2072,1.1945627797973792,1.2019572202026205
F8,V5,0.1,10,DAF,10,1.0,1.0,0.0,1.0,1.0,0.0,1.0,1.0,1.0,1.0
F8,V5,0.1,10,P95,10,18.293400000000002,17.581,1.7302159274366753,17.415,17.931,0.5160000000000018,16.996,22.14,17.221001057778302,19.3657989422217
F8,V5,0.1,10,P99,10,23.850299999999997,23.110999999999997,2.3753951273653637,22.714,23.636000000000003,0.9220000000000041,21.028,28.522,22.378014846713295,25.3225851532867
F8,V5,0.1,50,DER,70,0.0,0.0,0.0,0.0,0.0,0.0,0.0,0.0,0.0,0.0
F8,V5,0.1,50,EOER,70,1.0,1.0,0.0,1.0,1.0,0.0,1.0,1.0,1.0,1.0
F8,V5,0.1,50,RSR,70,0.07146285714285713,0.09825,0.04560490429840033,0.0,0.1012,0.1012,0.0,0.1072,0.060779233019549725,0.08214648126616454
F8,V5,0.1,50,UAR,70,0.02838857142857143,0.0,0.045236046108107456,0.0,0.0964,0.0964,0.0,0.1054,0.017791357798181792,0.03898578505896107
F8,V5,0.1,50,RAF,70,1.2564800000000003,1.2035,0.09016619373553274,1.198,1.3856,0.1876,1.1866,1.4216,1.2353572339878909,1.2776027660121096
F8,V5,0.1,50,DAF,70,1.0,1.0,0.0,1.0,1.0,0.0,1.0,1.0,1.0,1.0
F8,V5,0.1,50,P95,70,42.86515714285714,32.489000000000004,24.172787841856636,26.726,53.45700000000001,26.73100000000001,23.442999999999998,166.56400000000002,37.202323654049444,48.52799063166484
F8,V5,0.1,50,P99,70,57.73965714285715,43.951,32.819744748976824,35.614999999999995,73.74499999999999,38.129999999999995,29.151999999999997,225.53,50.051145959351395,65.4281683263629
F8,V5,0.2,10,DER,10,0.0,0.0,0.0,0.0,0.0,0.0,0.0,0.0,0.0,0.0
F8,V5,0.2,10,EOER,10,1.0,1.0,0.0,1.0,1.0,0.0,1.0,1.0,1.0,1.0
F8,V5,0.2,10,RSR,10,0.19939,0.20015,0.005688282302730373,0.1987,0.2013,0.002600000000000019,0.1898,0.2108,0.19586436610207156,0.20291563389792847
F8,V5,0.2,10,UAR,10,0.0,0.0,0.0,0.0,0.0,0.0,0.0,0.0,0.0,0.0
F8,V5,0.2,10,RAF,10,1.39878,1.4003,0.011376564605460765,1.3974,1.4026,0.0052000000000000934,1.3796,1.4216,1.391728732204143,1.4058312677958569
F8,V5,0.2,10,DAF,10,1.0,1.0,0.0,1.0,1.0,0.0,1.0,1.0,1.0,1.0
F8,V5,0.2,10,P95,10,25.916200000000003,25.7485,1.2500277152483015,25.293,26.512999999999998,1.2199999999999989,24.168000000000003,28.505000000000003,25.141424795169883,26.690975204830124
F8,V5,0.2,10,P99,10,34.624900000000004,34.5475,1.285344523637319,34.22,35.159,0.9390000000000001,32.965999999999994,37.552,33.82823521054726,35.421564789452745
F8,V5,0.2,50,DER,10,0.0,0.0,0.0,0.0,0.0,0.0,0.0,0.0,0.0,0.0
F8,V5,0.2,50,EOER,10,1.0,1.0,0.0,1.0,1.0,0.0,1.0,1.0,1.0,1.0
F8,V5,0.2,50,RSR,10,0.20029,0.2,0.004013712606663424,0.199,0.2037,0.004699999999999982,0.1919,0.2066,0.19780227515276397,0.20277772484723602
F8,V5,0.2,50,UAR,10,0.0,0.0,0.0,0.0,0.0,0.0,0.0,0.0,0.0,0.0
F8,V5,0.2,50,RAF,10,1.4005699999999999,1.4,0.008050679750458633,1.398,1.4074,0.009400000000000075,1.3837,1.4132,1.395580136994087,1.4055598630059127
F8,V5,0.2,50,DAF,10,1.0,1.0,0.0,1.0,1.0,0.0,1.0,1.0,1.0,1.0
F8,V5,0.2,50,P95,10,18.578899999999997,17.4195,3.9726203345175364,16.805,18.627000000000002,1.8220000000000027,15.798000000000002,29.535,16.11664440690961,21.041155593090384
F8,V5,0.2,50,P99,10,24.7706,21.2335,11.160853095629482,20.624000000000002,23.182000000000002,2.558,18.921,56.303,17.85303158310488,31.688168416895124
F9,V4,0.01,10,DER,10,0.0,0.0,0.0,0.0,0.0,0.0,0.0,0.0,0.0,0.0
F9,V4,0.01,10,EOER,10,1.0,1.0,0.0,1.0,1.0,0.0,1.0,1.0,1.0,1.0
F9,V4,0.01,10,RSR,10,0.0,0.0,0.0,0.0,0.0,0.0,0.0,0.0,0.0,0.0
F9,V4,0.01,10,UAR,10,0.0,0.0,0.0,0.0,0.0,0.0,0.0,0.0,0.0,0.0
F9,V4,0.01,10,RAF,10,1.01022,1.01045,0.0009519570485175627,1.0097,1.0109,0.0011999999999998678,1.0086,1.0112,1.0096299709084384,1.0108100290915614
F9,V4,0.01,10,DAF,10,1.0,1.0,0.0,1.0,1.0,0.0,1.0,1.0,1.0,1.0
F9,V4,0.01,10,P95,10,15.0149,13.704,2.9473676937603535,12.624,18.01,5.386000000000001,12.529,20.0,13.18810257720105,16.84169742279895
F9,V4,0.01,10,P99,10,17.767599999999998,16.05,4.06646071063168,14.414,20.947,6.5329999999999995,14.366,24.571,15.247181539208132,20.288018460791864
F9,V4,0.01,50,DER,10,0.0,0.0,0.0,0.0,0.0,0.0,0.0,0.0,0.0,0.0
F9,V4,0.01,50,EOER,10,1.0,1.0,0.0,1.0,1.0,0.0,1.0,1.0,1.0,1.0
F9,V4,0.01,50,RSR,10,0.0,0.0,0.0,0.0,0.0,0.0,0.0,0.0,0.0,0.0
F9,V4,0.01,50,UAR,10,0.0,0.0,0.0,0.0,0.0,0.0,0.0,0.0,0.0,0.0
F9,V4,0.01,50,RAF,10,1.0099500000000001,1.01,0.0008540751983546057,1.0092,1.0107,0.0014999999999998348,1.0088,1.0113,1.0094206387077074,1.0104793612922929
F9,V4,0.01,50,DAF,10,1.0,1.0,0.0,1.0,1.0,0.0,1.0,1.0,1.0,1.0
F9,V4,0.01,50,P95,10,57.988,67.197,19.673496684061472,56.813,69.0,12.186999999999998,19.898,78.159,45.794240423964766,70.18175957603523
F9,V4,0.01,50,P99,10,73.6737,84.0965,22.87266093954867,70.492,85.57,15.077999999999989,24.101,100.234,59.49707787532283,87.85032212467716
F9,V4,0.05,10,DER,10,0.0,0.0,0.0,0.0,0.0,0.0,0.0,0.0,0.0,0.0
F9,V4,0.05,10,EOER,10,1.0,1.0,0.0,1.0,1.0,0.0,1.0,1.0,1.0,1.0
F9,V4,0.05,10,RSR,10,0.0,0.0,0.0,0.0,0.0,0.0,0.0,0.0,0.0,0.0
F9,V4,0.05,10,UAR,10,0.0,0.0,0.0,0.0,0.0,0.0,0.0,0.0,0.0,0.0
F9,V4,0.05,10,RAF,10,1.05046,1.0504,0.002296954505426704,1.0486,1.0525,0.0039000000000000146,1.0473,1.0545,1.0490363328478889,1.051883667152111
F9,V4,0.05,10,DAF,10,1.0,1.0,0.0,1.0,1.0,0.0,1.0,1.0,1.0,1.0
F9,V4,0.05,10,P95,10,15.0264,14.196,2.9811590661650005,12.707,16.633000000000003,3.926000000000002,11.563,21.058,13.178658467596968,16.874141532403033
F9,V4,0.05,10,P99,10,18.419900000000002,17.311999999999998,4.203746753393533,15.102,20.97,5.8679999999999986,13.806,27.033,15.814390768336704,21.0254092316633
F9,V4,0.05,50,DER,10,0.0,0.0,0.0,0.0,0.0,0.0,0.0,0.0,0.0,0.0
F9,V4,0.05,50,EOER,10,1.0,1.0,0.0,1.0,1.0,0.0,1.0,1.0,1.0,1.0
F9,V4,0.05,50,RSR,10,0.0,0.0,0.0,0.0,0.0,0.0,0.0,0.0,0.0,0.0
F9,V4,0.05,50,UAR,10,0.0,0.0,0.0,0.0,0.0,0.0,0.0,0.0,0.0,0.0
F9,V4,0.05,50,RAF,10,1.0503300000000002,1.0501,0.0017493173271625542,1.0491,1.0509,0.0018000000000000238,1.0477,1.0541,1.0492457618875708,1.0514142381124296
F9,V4,0.05,50,DAF,10,1.0,1.0,0.0,1.0,1.0,0.0,1.0,1.0,1.0,1.0
F9,V4,0.05,50,P95,10,55.7298,58.965,15.248041235224644,54.064,65.13,11.065999999999995,20.08,73.109,46.278966128742475,65.18063387125751
F9,V4,0.05,50,P99,10,75.894,79.10900000000001,19.520571160815056,72.523,87.749,15.225999999999999,25.341,97.32400000000001,63.79502464526778,87.99297535473222
F9,V4,0.1,10,DER,10,0.0,0.0,0.0,0.0,0.0,0.0,0.0,0.0,0.0,0.0
F9,V4,0.1,10,EOER,10,1.0,1.0,0.0,1.0,1.0,0.0,1.0,1.0,1.0,1.0
F9,V4,0.1,10,RSR,10,0.0,0.0,0.0,0.0,0.0,0.0,0.0,0.0,0.0,0.0
F9,V4,0.1,10,UAR,10,0.0,0.0,0.0,0.0,0.0,0.0,0.0,0.0,0.0,0.0
F9,V4,0.1,10,RAF,10,1.0984,1.09855,0.002300724523564969,1.0976,1.0996,0.0020000000000000018,1.094,1.1024,1.0969739961664382,1.0998260038335619
F9,V4,0.1,10,DAF,10,1.0,1.0,0.0,1.0,1.0,0.0,1.0,1.0,1.0,1.0
F9,V4,0.1,10,P95,10,15.689899999999998,14.390500000000001,3.69774614386175,12.8,18.445,5.645,11.842,22.54,13.398013195353272,17.981786804646724
F9,V4,0.1,10,P99,10,18.8958,17.152,5.048748707463178,14.922,21.901,6.978999999999999,13.898,28.287,15.766553131114703,22.025046868885298
F9,V4,0.1,50,DER,10,0.0,0.0,0.0,0.0,0.0,0.0,0.0,0.0,0.0,0.0
F9,V4,0.1,50,EOER,10,1.0,1.0,0.0,1.0,1.0,0.0,1.0,1.0,1.0,1.0
F9,V4,0.1,50,RSR,10,0.0,0.0,0.0,0.0,0.0,0.0,0.0,0.0,0.0,0.0
F9,V4,0.1,50,UAR,10,0.0,0.0,0.0,0.0,0.0,0.0,0.0,0.0,0.0,0.0
F9,V4,0.1,50,RAF,10,1.0995700000000002,1.0992,0.0028107136302211785,1.0981,1.1011,0.0029999999999998916,1.096,1.1059,1.0978279016432921,1.1013120983567082
F9,V4,0.1,50,DAF,10,1.0,1.0,0.0,1.0,1.0,0.0,1.0,1.0,1.0,1.0
F9,V4,0.1,50,P95,10,66.9085,68.53,10.234940810228894,59.258,73.946,14.687999999999995,52.853,82.036,60.56481796324284,73.25218203675718
F9,V4,0.1,50,P99,10,90.2683,88.283,10.187695803707964,82.15899999999999,99.30799999999999,17.149,78.961,105.585,83.95390072166326,96.58269927833673
F9,V4,0.2,10,DER,10,0.0,0.0,0.0,0.0,0.0,0.0,0.0,0.0,0.0,0.0
F9,V4,0.2,10,EOER,10,1.0,1.0,0.0,1.0,1.0,0.0,1.0,1.0,1.0,1.0
F9,V4,0.2,10,RSR,10,0.0,0.0,0.0,0.0,0.0,0.0,0.0,0.0,0.0,0.0
F9,V4,0.2,10,UAR,10,0.0,0.0,0.0,0.0,0.0,0.0,0.0,0.0,0.0,0.0
F9,V4,0.2,10,RAF,10,1.19942,1.1993,0.005491569296051269,1.1957,1.2018,0.006099999999999994,1.1921,1.2106,1.1960162900867828,1.202823709913217
F9,V4,0.2,10,DAF,10,1.0,1.0,0.0,1.0,1.0,0.0,1.0,1.0,1.0,1.0
F9,V4,0.2,10,P95,10,15.6865,13.9,3.937850125526758,13.754999999999999,16.734,2.9790000000000028,13.190000000000001,26.061999999999998,13.245795205715275,18.127204794284726
F9,V4,0.2,10,P99,10,18.727899999999998,16.0365,5.642362949647564,15.814,19.78,3.966000000000001,15.248000000000001,33.469,15.230727211978477,22.22507278802152
F9,V4,0.2,50,DER,10,0.0,0.0,0.0,0.0,0.0,0.0,0.0,0.0,0.0,0.0
F9,V4,0.2,50,EOER,10,1.0,1.0,0.0,1.0,1.0,0.0,1.0,1.0,1.0,1.0
F9,V4,0.2,50,RSR,10,0.0,0.0,0.0,0.0,0.0,0.0,0.0,0.0,0.0,0.0
F9,V4,0.2,50,UAR,10,0.0,0.0,0.0,0.0,0.0,0.0,0.0,0.0,0.0,0.0
F9,V4,0.2,50,RAF,10,1.1994699999999998,1.1989,0.0038689791935341655,1.1965,1.2007,0.004200000000000204,1.1944,1.2074,1.1970719818516113,1.2018680181483883
F9,V4,0.2,50,DAF,10,1.0,1.0,0.0,1.0,1.0,0.0,1.0,1.0,1.0,1.0
F9,V4,0.2,50,P95,10,80.39189999999999,79.77199999999999,23.230968537947597,69.209,85.184,15.974999999999994,45.405,136.351,65.99319652500127,94.79060347499872
F9,V4,0.2,50,P99,10,115.04860000000001,98.11250000000001,63.33557321161974,89.58000000000001,104.243,14.662999999999982,80.275,293.796,75.79280502083148,154.30439497916853
F9,V5,0.01,10,DER,10,0.0,0.0,0.0,0.0,0.0,0.0,0.0,0.0,0.0,0.0
F9,V5,0.01,10,EOER,10,1.0,1.0,0.0,1.0,1.0,0.0,1.0,1.0,1.0,1.0
F9,V5,0.01,10,RSR,10,0.0,0.0,0.0,0.0,0.0,0.0,0.0,0.0,0.0,0.0
F9,V5,0.01,10,UAR,10,0.0,0.0,0.0,0.0,0.0,0.0,0.0,0.0,0.0,0.0
F9,V5,0.01,10,RAF,10,1.0102999999999998,1.0104,0.0011005049346146229,1.0099,1.0114,0.0015000000000000568,1.008,1.0117,1.009617899974751,1.0109821000252486
F9,V5,0.01,10,DAF,10,1.0,1.0,0.0,1.0,1.0,0.0,1.0,1.0,1.0,1.0
F9,V5,0.01,10,P95,10,14.693300000000002,13.5085,2.5916744930214093,12.913,16.019,3.105999999999998,11.862,19.815,13.08696350706488,16.299636492935125
F9,V5,0.01,10,P99,10,17.205099999999998,15.775,3.8118924856588263,14.452,18.938000000000002,4.486000000000002,13.428,25.042,14.842464559728924,19.567735440271072
F9,V5,0.01,50,DER,10,0.0,0.0,0.0,0.0,0.0,0.0,0.0,0.0,0.0,0.0
F9,V5,0.01,50,EOER,10,1.0,1.0,0.0,1.0,1.0,0.0,1.0,1.0,1.0,1.0
F9,V5,0.01,50,RSR,10,0.0,0.0,0.0,0.0,0.0,0.0,0.0,0.0,0.0,0.0
F9,V5,0.01,50,UAR,10,0.0,0.0,0.0,0.0,0.0,0.0,0.0,0.0,0.0,0.0
F9,V5,0.01,50,RAF,10,1.01013,1.01025,0.0010914312723310873,1.0097,1.011,0.0012999999999998568,1.0082,1.0115,1.0094535238889,1.0108064761111
F9,V5,0.01,50,DAF,10,1.0,1.0,0.0,1.0,1.0,0.0,1.0,1.0,1.0,1.0
F9,V5,0.01,50,P95,10,57.39059999999999,64.0,19.793711516539794,49.748,67.152,17.404000000000003,18.57,86.543,45.12233049884801,69.65886950115198
F9,V5,0.01,50,P99,10,73.9682,80.581,22.3964194797095,67.252,83.485,16.233000000000004,23.052999999999997,107.31,60.08675539026473,87.84964460973526
F9,V5,0.05,10,DER,10,0.0,0.0,0.0,0.0,0.0,0.0,0.0,0.0,0.0,0.0
F9,V5,0.05,10,EOER,10,1.0,1.0,0.0,1.0,1.0,0.0,1.0,1.0,1.0,1.0
F9,V5,0.05,10,RSR,10,0.0,0.0,0.0,0.0,0.0,0.0,0.0,0.0,0.0,0.0
F9,V5,0.05,10,UAR,10,0.0,0.0,0.0,0.0,0.0,0.0,0.0,0.0,0.0,0.0
F9,V5,0.05,10,RAF,10,1.04932,1.04925,0.0017015026039096076,1.0481,1.0509,0.0027999999999999137,1.0471,1.0515,1.04826539776008,1.05037460223992
F9,V5,0.05,10,DAF,10,1.0,1.0,0.0,1.0,1.0,0.0,1.0,1.0,1.0,1.0
F9,V5,0.05,10,P95,10,15.208100000000002,14.068,2.826439238099179,12.757000000000001,17.374000000000002,4.617000000000001,12.329999999999998,19.716,13.456254810548986,16.95994518945102
F9,V5,0.05,10,P99,10,18.6678,17.484,3.8774544857275743,15.021,22.11,7.088999999999999,14.728,24.464,16.264528811086947,21.071071188913052
F9,V5,0.05,50,DER,10,0.0,0.0,0.0,0.0,0.0,0.0,0.0,0.0,0.0,0.0
F9,V5,0.05,50,EOER,10,1.0,1.0,0.0,1.0,1.0,0.0,1.0,1.0,1.0,1.0
F9,V5,0.05,50,RSR,10,0.0,0.0,0.0,0.0,0.0,0.0,0.0,0.0,0.0,0.0
F9,V5,0.05,50,UAR,10,0.0,0.0,0.0,0.0,0.0,0.0,0.0,0.0,0.0,0.0
F9,V5,0.05,50,RAF,10,1.04979,1.04955,0.0025514483904027726,1.0474,1.0525,0.005099999999999882,1.0468,1.0539,1.0482085959037755,1.0513714040962245
F9,V5,0.05,50,DAF,10,1.0,1.0,0.0,1.0,1.0,0.0,1.0,1.0,1.0,1.0
F9,V5,0.05,50,P95,10,65.4764,63.1195,8.558278282198794,62.143,72.108,9.965000000000003,50.219,78.062,60.17192416462491,70.78087583537508
F9,V5,0.05,50,P99,10,89.0198,87.3365,9.805739700128013,81.95,94.72200000000001,12.772000000000006,75.111,107.312,82.94213956735237,95.09746043264764
F9,V5,0.1,10,DER,10,0.0,0.0,0.0,0.0,0.0,0.0,0.0,0.0,0.0,0.0
F9,V5,0.1,10,EOER,10,1.0,1.0,0.0,1.0,1.0,0.0,1.0,1.0,1.0,1.0
F9,V5,0.1,10,RSR,10,0.0,0.0,0.0,0.0,0.0,0.0,0.0,0.0,0.0,0.0
F9,V5,0.1,10,UAR,10,0.0,0.0,0.0,0.0,0.0,0.0,0.0,0.0,0.0,0.0
F9,V5,0.1,10,RAF,10,1.1007900000000002,1.1002,0.004512316478262569,1.0968,1.1042,0.007400000000000073,1.095,1.1095,1.0979932372714156,1.1035867627285847
F9,V5,0.1,10,DAF,10,1.0,1.0,0.0,1.0,1.0,0.0,1.0,1.0,1.0,1.0
F9,V5,0.1,10,P95,10,15.8727,14.795000000000002,2.931050211859983,13.564,18.243000000000002,4.679000000000002,12.155999999999999,20.740000000000002,14.056016257263863,17.689383742736137
F9,V5,0.1,10,P99,10,19.0517,17.5625,4.0957844466394135,16.058,21.482,5.4239999999999995,14.351,26.107,16.513106499331307,21.590293500668693
F9,V5,0.1,50,DER,10,0.0,0.0,0.0,0.0,0.0,0.0,0.0,0.0,0.0,0.0
F9,V5,0.1,50,EOER,10,1.0,1.0,0.0,1.0,1.0,0.0,1.0,1.0,1.0,1.0
F9,V5,0.1,50,RSR,10,0.0,0.0,0.0,0.0,0.0,0.0,0.0,0.0,0.0,0.0
F9,V5,0.1,50,UAR,10,0.0,0.0,0.0,0.0,0.0,0.0,0.0,0.0,0.0,0.0
F9,V5,0.1,50,RAF,10,1.0994199999999998,1.0993,0.0030846573733741027,1.0962,1.1025,0.006299999999999972,1.0955,1.1039,1.0975081095521853,1.1013318904478144
F9,V5,0.1,50,DAF,10,1.0,1.0,0.0,1.0,1.0,0.0,1.0,1.0,1.0,1.0
F9,V5,0.1,50,P95,10,70.6294,71.369,20.387571024196745,58.966,81.67,22.704,29.936999999999998,102.305,57.99305256259695,83.26574743740305
F9,V5,0.1,50,P99,10,92.69650000000001,93.5725,23.54005348455172,81.381,101.91799999999999,20.536999999999992,44.662,130.518,78.10622369034014,107.28677630965988
F9,V5,0.2,10,DER,10,0.0,0.0,0.0,0.0,0.0,0.0,0.0,0.0,0.0,0.0
F9,V5,0.2,10,EOER,10,1.0,1.0,0.0,1.0,1.0,0.0,1.0,1.0,1.0,1.0
F9,V5,0.2,10,RSR,10,0.0,0.0,0.0,0.0,0.0,0.0,0.0,0.0,0.0,0.0
F9,V5,0.2,10,UAR,10,0.0,0.0,0.0,0.0,0.0,0.0,0.0,0.0,0.0,0.0
F9,V5,0.2,10,RAF,10,1.20029,1.2006,0.003249769222575623,1.1983,1.2016,0.0033000000000000806,1.1955,1.2066,1.1982757721678023,1.2023042278321978
F9,V5,0.2,10,DAF,10,1.0,1.0,0.0,1.0,1.0,0.0,1.0,1.0,1.0,1.0
F9,V5,0.2,10,P95,10,15.862800000000002,14.18,3.9258476735038452,13.346,17.983,4.6370000000000005,12.120000000000001,23.215,13.429534402551539,18.296065597448465
F9,V5,0.2,10,P99,10,18.6514,16.244500000000002,5.177033088555644,15.591000000000001,20.564999999999998,4.973999999999997,13.878,28.581,15.442641647949163,21.860158352050835
F9,V5,0.2,50,DER,10,0.0,0.0,0.0,0.0,0.0,0.0,0.0,0.0,0.0,0.0
F9,V5,0.2,50,EOER,10,1.0,1.0,0.0,1.0,1.0,0.0,1.0,1.0,1.0,1.0
F9,V5,0.2,50,RSR,10,0.0,0.0,0.0,0.0,0.0,0.0,0.0,0.0,0.0,0.0
F9,V5,0.2,50,UAR,10,0.0,0.0,0.0,0.0,0.0,0.0,0.0,0.0,0.0,0.0
F9,V5,0.2,50,RAF,10,1.20177,1.20255,0.003801768594278784,1.1984,1.2038,0.005400000000000071,1.1967,1.2073,1.1994136394126158,1.2041263605873842
F9,V5,0.2,50,DAF,10,1.0,1.0,0.0,1.0,1.0,0.0,1.0,1.0,1.0,1.0
F9,V5,0.2,50,P95,10,76.57540000000002,78.232,22.721096937525804,71.819,82.296,10.477000000000004,31.118000000000002,110.451,62.492718217028646,90.6580817829714
F9,V5,0.2,50,P99,10,97.5279,97.5605,25.535160297780266,86.916,105.023,18.107,42.774,136.06,81.70104367613615,113.35475632386385
